model,clip,snr_db,pipeline,wer,cer,substitutions,deletions,insertions,hits,ref_word_count,rtf,inference_time_s,audio_duration_s,hypothesis,reference
openai/small,large,0,none,0.1479,0.0661,15,0,6,127,142,0.135,8.023,59.425,"She hoped there would be stew for dinner, turnips and carrots and bruised potatoes and fat and mutton pieces to be ladled out in thick, peppered, flour-spat and sauce. Stuff it into you, he'd belly-countled in. After early nightfall, the yellow lamps would light up here and there the squallered quarter of the brothels. Hello, Bertie, any good in your mind? Number 10. Fresh Nelly is waiting on you. Good night, husband. The music came nearer and he recalled the words, the words of Shelly's frighteneth upon the mean wandering companion of his tail for hearing it. The dull light fell more faintly upon the page whereon another equation began to unfold itself slowly and to spread abroad its widening tail. A cold lucid indifference drained in his soul. The chaos in which his ardor extinguished itself is a cold indifference knowledge of himself.",HE HOPED THERE WOULD BE STEW FOR DINNER TURNIPS AND CARROTS AND BRUISED POTATOES AND FAT MUTTON PIECES TO BE LADLED OUT IN THICK PEPPERED FLOUR FATTENED SAUCE STUFF IT INTO YOU HIS BELLY COUNSELLED HIM AFTER EARLY NIGHTFALL THE YELLOW LAMPS WOULD LIGHT UP HERE AND THERE THE SQUALID QUARTER OF THE BROTHELS HELLO BERTIE ANY GOOD IN YOUR MIND NUMBER TEN FRESH NELLY IS WAITING ON YOU GOOD NIGHT HUSBAND THE MUSIC CAME NEARER AND HE RECALLED THE WORDS THE WORDS OF SHELLEY'S FRAGMENT UPON THE MOON WANDERING COMPANIONLESS PALE FOR WEARINESS THE DULL LIGHT FELL MORE FAINTLY UPON THE PAGE WHEREON ANOTHER EQUATION BEGAN TO UNFOLD ITSELF SLOWLY AND TO SPREAD ABROAD ITS WIDENING TAIL A COLD LUCID INDIFFERENCE REIGNED IN HIS SOUL THE CHAOS IN WHICH HIS ARDOUR EXTINGUISHED ITSELF WAS A COLD INDIFFERENT KNOWLEDGE OF HIMSELF
openai/small,large,0,rms,0.1479,0.0661,15,0,6,127,142,0.1205,7.161,59.425,"She hoped there would be stew for dinner, turnips and carrots and bruised potatoes and fat and mutton pieces to be ladled out in thick, peppered, flour-spat and sauce. Stuff it into you, he'd belly-countled in. After early nightfall, the yellow lamps would light up here and there the squallered quarter of the brothels. Hello, Bertie, any good in your mind? Number 10. Fresh Nelly is waiting on you. Good night, husband. The music came nearer and he recalled the words, the words of Shelly's frighteneth upon the mean wandering companion of his tail for hearing it. The dull light fell more faintly upon the page whereon another equation began to unfold itself slowly and to spread abroad its widening tail. A cold lucid indifference drained in his soul. The chaos in which his ardor extinguished itself is a cold indifference knowledge of himself.",HE HOPED THERE WOULD BE STEW FOR DINNER TURNIPS AND CARROTS AND BRUISED POTATOES AND FAT MUTTON PIECES TO BE LADLED OUT IN THICK PEPPERED FLOUR FATTENED SAUCE STUFF IT INTO YOU HIS BELLY COUNSELLED HIM AFTER EARLY NIGHTFALL THE YELLOW LAMPS WOULD LIGHT UP HERE AND THERE THE SQUALID QUARTER OF THE BROTHELS HELLO BERTIE ANY GOOD IN YOUR MIND NUMBER TEN FRESH NELLY IS WAITING ON YOU GOOD NIGHT HUSBAND THE MUSIC CAME NEARER AND HE RECALLED THE WORDS THE WORDS OF SHELLEY'S FRAGMENT UPON THE MOON WANDERING COMPANIONLESS PALE FOR WEARINESS THE DULL LIGHT FELL MORE FAINTLY UPON THE PAGE WHEREON ANOTHER EQUATION BEGAN TO UNFOLD ITSELF SLOWLY AND TO SPREAD ABROAD ITS WIDENING TAIL A COLD LUCID INDIFFERENCE REIGNED IN HIS SOUL THE CHAOS IN WHICH HIS ARDOUR EXTINGUISHED ITSELF WAS A COLD INDIFFERENT KNOWLEDGE OF HIMSELF
openai/small,large,0,vad,0.1901,0.0906,19,2,6,121,142,0.1286,7.641,59.425,"He hoped there would be stew for dinner, turnips and carrots and bruised potatoes and fat and mutton pieces to be labeled out in thick, peppered, flour-flavored sauce duffed into him, he'd tell his counsellor in. After early nightfall, the yellow lamps would light up here and there, the squalid quarter of the brothels. Hello, Bertie, any good in your mind? Number 10. Fresh Nelly is waiting on you. Good night, husband. The music came nearer and he recalled the words, the words of Shelley's frighteners upon the mean wandering companions as the tales were hearing us. The dull light fell more faintly upon the page whereon another equation began to unfold itself slowly and spread abroad as widening tales. A cold lucid indifference drained in his soul. The chaos in which his ardor extinguished itself is a cold indifference knowledge of himself.",HE HOPED THERE WOULD BE STEW FOR DINNER TURNIPS AND CARROTS AND BRUISED POTATOES AND FAT MUTTON PIECES TO BE LADLED OUT IN THICK PEPPERED FLOUR FATTENED SAUCE STUFF IT INTO YOU HIS BELLY COUNSELLED HIM AFTER EARLY NIGHTFALL THE YELLOW LAMPS WOULD LIGHT UP HERE AND THERE THE SQUALID QUARTER OF THE BROTHELS HELLO BERTIE ANY GOOD IN YOUR MIND NUMBER TEN FRESH NELLY IS WAITING ON YOU GOOD NIGHT HUSBAND THE MUSIC CAME NEARER AND HE RECALLED THE WORDS THE WORDS OF SHELLEY'S FRAGMENT UPON THE MOON WANDERING COMPANIONLESS PALE FOR WEARINESS THE DULL LIGHT FELL MORE FAINTLY UPON THE PAGE WHEREON ANOTHER EQUATION BEGAN TO UNFOLD ITSELF SLOWLY AND TO SPREAD ABROAD ITS WIDENING TAIL A COLD LUCID INDIFFERENCE REIGNED IN HIS SOUL THE CHAOS IN WHICH HIS ARDOUR EXTINGUISHED ITSELF WAS A COLD INDIFFERENT KNOWLEDGE OF HIMSELF
openai/small,large,0,spectral,0.3239,0.1775,42,2,2,98,142,0.1196,7.109,59.425,"She hoped there would be stew for dinner, turnips and carrots and bruised potatoes, and fat mutton peaches to be ladled out, sticks, peppers, flower fats and sauce. Stuff it into you, eat belly, countenance. After early nightfall, the yellow lamps with light-up here and there were squalor's border of the brothels. Hello, Bertie, any good in your mind? Number 10. Fresh Nelly is waiting on you. Good night, husband. The music came nearer and he recalled the words, the words of Shelly's frightened commonings on the companion's heads, hailed the hearing. The dull light fell more faintly upon the cage, whereon another situation began, one cold itself slowly spread abroad as wide as the sea. A cold elucid indifference ranged in itself. The chaos in which his ardor feeds itself is exposed to different knowledge of itself.",HE HOPED THERE WOULD BE STEW FOR DINNER TURNIPS AND CARROTS AND BRUISED POTATOES AND FAT MUTTON PIECES TO BE LADLED OUT IN THICK PEPPERED FLOUR FATTENED SAUCE STUFF IT INTO YOU HIS BELLY COUNSELLED HIM AFTER EARLY NIGHTFALL THE YELLOW LAMPS WOULD LIGHT UP HERE AND THERE THE SQUALID QUARTER OF THE BROTHELS HELLO BERTIE ANY GOOD IN YOUR MIND NUMBER TEN FRESH NELLY IS WAITING ON YOU GOOD NIGHT HUSBAND THE MUSIC CAME NEARER AND HE RECALLED THE WORDS THE WORDS OF SHELLEY'S FRAGMENT UPON THE MOON WANDERING COMPANIONLESS PALE FOR WEARINESS THE DULL LIGHT FELL MORE FAINTLY UPON THE PAGE WHEREON ANOTHER EQUATION BEGAN TO UNFOLD ITSELF SLOWLY AND TO SPREAD ABROAD ITS WIDENING TAIL A COLD LUCID INDIFFERENCE REIGNED IN HIS SOUL THE CHAOS IN WHICH HIS ARDOUR EXTINGUISHED ITSELF WAS A COLD INDIFFERENT KNOWLEDGE OF HIMSELF
openai/small,large,5,none,0.0211,0.0073,3,0,0,139,142,0.1177,6.996,59.425,"He hoped there would be stew for dinner, turnips and carrots and bruised potatoes and fat mutton pieces to be ladled out in thick, peppered, flour-fattened sauce. Stuff it into you, as Belly counseled him. After early nightfall the yellow lamps would light up here and there the squalid quarter of the brothels. Hello, Bertie, any good in your mind? Number 10. Fresh Nelly is waiting on you. Good night, husband. The music came nearer and he recalled the words, the words of Shelley's fragment upon the moon wandering companionless, pale for weariness. The dull light fell more faintly upon the page whereon another equation began to unfold itself slowly and to spread abroad its widening tale. A cold, lucid indifference reigned in his soul. The chaos in which his ardor extinguished itself was a cold indifference knowledge of himself.",HE HOPED THERE WOULD BE STEW FOR DINNER TURNIPS AND CARROTS AND BRUISED POTATOES AND FAT MUTTON PIECES TO BE LADLED OUT IN THICK PEPPERED FLOUR FATTENED SAUCE STUFF IT INTO YOU HIS BELLY COUNSELLED HIM AFTER EARLY NIGHTFALL THE YELLOW LAMPS WOULD LIGHT UP HERE AND THERE THE SQUALID QUARTER OF THE BROTHELS HELLO BERTIE ANY GOOD IN YOUR MIND NUMBER TEN FRESH NELLY IS WAITING ON YOU GOOD NIGHT HUSBAND THE MUSIC CAME NEARER AND HE RECALLED THE WORDS THE WORDS OF SHELLEY'S FRAGMENT UPON THE MOON WANDERING COMPANIONLESS PALE FOR WEARINESS THE DULL LIGHT FELL MORE FAINTLY UPON THE PAGE WHEREON ANOTHER EQUATION BEGAN TO UNFOLD ITSELF SLOWLY AND TO SPREAD ABROAD ITS WIDENING TAIL A COLD LUCID INDIFFERENCE REIGNED IN HIS SOUL THE CHAOS IN WHICH HIS ARDOUR EXTINGUISHED ITSELF WAS A COLD INDIFFERENT KNOWLEDGE OF HIMSELF
openai/small,large,5,rms,0.0211,0.0073,3,0,0,139,142,0.1198,7.117,59.425,"He hoped there would be stew for dinner, turnips and carrots and bruised potatoes and fat mutton pieces to be ladled out in thick, peppered, flour-fattened sauce. Stuff it into you, as Belly counseled him. After early nightfall the yellow lamps would light up here and there the squalid quarter of the brothels. Hello, Bertie, any good in your mind? Number 10. Fresh Nelly is waiting on you. Good night, husband. The music came nearer and he recalled the words, the words of Shelley's fragment upon the moon wandering companionless, pale for weariness. The dull light fell more faintly upon the page whereon another equation began to unfold itself slowly and to spread abroad its widening tale. A cold, lucid indifference reigned in his soul. The chaos in which his ardor extinguished itself was a cold indifference knowledge of himself.",HE HOPED THERE WOULD BE STEW FOR DINNER TURNIPS AND CARROTS AND BRUISED POTATOES AND FAT MUTTON PIECES TO BE LADLED OUT IN THICK PEPPERED FLOUR FATTENED SAUCE STUFF IT INTO YOU HIS BELLY COUNSELLED HIM AFTER EARLY NIGHTFALL THE YELLOW LAMPS WOULD LIGHT UP HERE AND THERE THE SQUALID QUARTER OF THE BROTHELS HELLO BERTIE ANY GOOD IN YOUR MIND NUMBER TEN FRESH NELLY IS WAITING ON YOU GOOD NIGHT HUSBAND THE MUSIC CAME NEARER AND HE RECALLED THE WORDS THE WORDS OF SHELLEY'S FRAGMENT UPON THE MOON WANDERING COMPANIONLESS PALE FOR WEARINESS THE DULL LIGHT FELL MORE FAINTLY UPON THE PAGE WHEREON ANOTHER EQUATION BEGAN TO UNFOLD ITSELF SLOWLY AND TO SPREAD ABROAD ITS WIDENING TAIL A COLD LUCID INDIFFERENCE REIGNED IN HIS SOUL THE CHAOS IN WHICH HIS ARDOUR EXTINGUISHED ITSELF WAS A COLD INDIFFERENT KNOWLEDGE OF HIMSELF
openai/small,large,5,vad,0.0423,0.011,5,0,1,137,142,0.1164,6.916,59.425,"He hoped there would be stew for dinner, turnips and carrots and bruised potatoes and fat mutton pieces to be ladled out in thick, peppered, flour-fattened sauce, duff it into you, his belly counseled him. After early nightfall, the yellow lamps would light up here and there, the squalid quarter of the brothels. Hello, Bertie, any good in your mind? Number 10. Fresh Nelly is waiting on you. Good night, husband. The music came nearer and he recalled the words, the words of Shelley's fragment upon the moon, wandering companion-less, pale for weariness. The dull light fell more faintly upon the page, whereon another equation began to unfold itself slowly and to spread abroad its widening tale. A cold, lucid indifference reigned in his soul. The chaos in which his ardor extinguished itself is a cold, indifference knowledge of himself.",HE HOPED THERE WOULD BE STEW FOR DINNER TURNIPS AND CARROTS AND BRUISED POTATOES AND FAT MUTTON PIECES TO BE LADLED OUT IN THICK PEPPERED FLOUR FATTENED SAUCE STUFF IT INTO YOU HIS BELLY COUNSELLED HIM AFTER EARLY NIGHTFALL THE YELLOW LAMPS WOULD LIGHT UP HERE AND THERE THE SQUALID QUARTER OF THE BROTHELS HELLO BERTIE ANY GOOD IN YOUR MIND NUMBER TEN FRESH NELLY IS WAITING ON YOU GOOD NIGHT HUSBAND THE MUSIC CAME NEARER AND HE RECALLED THE WORDS THE WORDS OF SHELLEY'S FRAGMENT UPON THE MOON WANDERING COMPANIONLESS PALE FOR WEARINESS THE DULL LIGHT FELL MORE FAINTLY UPON THE PAGE WHEREON ANOTHER EQUATION BEGAN TO UNFOLD ITSELF SLOWLY AND TO SPREAD ABROAD ITS WIDENING TAIL A COLD LUCID INDIFFERENCE REIGNED IN HIS SOUL THE CHAOS IN WHICH HIS ARDOUR EXTINGUISHED ITSELF WAS A COLD INDIFFERENT KNOWLEDGE OF HIMSELF
openai/small,large,5,spectral,0.1408,0.0906,16,1,3,125,142,0.1239,7.361,59.425,"He hoped there would be stew for dinner, turnips and carrots and bruised potatoes, and fat mutton pieces to be ladled out, thick peppers and flour-flat sauce. Stuck it into you, his belly counted in. After early nightfall the yellow lamps would light up here and there, the squalid quarter of the brothels. Hello, Bertie, any good in your mind? Number 10. Fresh Nelly is waiting on you. Good night, husband. The music came nearer and he recalled the words, the words of Shelley's frighteness upon the moon's wandering, panipatic pale-for-wearingness. The dull light fell more faintly upon the page, whereon another equation began to unfold itself slowly and spread abroad each wideened chain. A cold, elusive indifference drained in his soul. The chaos in which his ardor extinguished itself was a cold, elusive indifference of knowledge of himself.",HE HOPED THERE WOULD BE STEW FOR DINNER TURNIPS AND CARROTS AND BRUISED POTATOES AND FAT MUTTON PIECES TO BE LADLED OUT IN THICK PEPPERED FLOUR FATTENED SAUCE STUFF IT INTO YOU HIS BELLY COUNSELLED HIM AFTER EARLY NIGHTFALL THE YELLOW LAMPS WOULD LIGHT UP HERE AND THERE THE SQUALID QUARTER OF THE BROTHELS HELLO BERTIE ANY GOOD IN YOUR MIND NUMBER TEN FRESH NELLY IS WAITING ON YOU GOOD NIGHT HUSBAND THE MUSIC CAME NEARER AND HE RECALLED THE WORDS THE WORDS OF SHELLEY'S FRAGMENT UPON THE MOON WANDERING COMPANIONLESS PALE FOR WEARINESS THE DULL LIGHT FELL MORE FAINTLY UPON THE PAGE WHEREON ANOTHER EQUATION BEGAN TO UNFOLD ITSELF SLOWLY AND TO SPREAD ABROAD ITS WIDENING TAIL A COLD LUCID INDIFFERENCE REIGNED IN HIS SOUL THE CHAOS IN WHICH HIS ARDOUR EXTINGUISHED ITSELF WAS A COLD INDIFFERENT KNOWLEDGE OF HIMSELF
openai/small,large,10,none,0.0282,0.0073,3,1,0,138,142,0.1185,7.042,59.425,"He hoped there would be stew for dinner, turnips and carrots and bruised potatoes and fat mutton pieces to be ladled out in thick, peppered, flour-fattened sauce. Stuffed into you, his belly counseled him. After early nightfall the yellow lamps would light up here and there the squalid quarter of the brothels. Hello, Bertie, any good in your mind? Number 10. Fresh Nelly is waiting on you. Good night, husband. The music came nearer and he recalled the words, the words of Shelly's fragment upon the moon wandering companionless, pale for weariness. The dull light fell more faintly upon the page whereon another equation began to unfold itself slowly and to spread abroad its widening tale. A cold, lucid indifference reigned in his soul. The chaos in which his ardor extinguished itself was a cold indifferent knowledge of himself.",HE HOPED THERE WOULD BE STEW FOR DINNER TURNIPS AND CARROTS AND BRUISED POTATOES AND FAT MUTTON PIECES TO BE LADLED OUT IN THICK PEPPERED FLOUR FATTENED SAUCE STUFF IT INTO YOU HIS BELLY COUNSELLED HIM AFTER EARLY NIGHTFALL THE YELLOW LAMPS WOULD LIGHT UP HERE AND THERE THE SQUALID QUARTER OF THE BROTHELS HELLO BERTIE ANY GOOD IN YOUR MIND NUMBER TEN FRESH NELLY IS WAITING ON YOU GOOD NIGHT HUSBAND THE MUSIC CAME NEARER AND HE RECALLED THE WORDS THE WORDS OF SHELLEY'S FRAGMENT UPON THE MOON WANDERING COMPANIONLESS PALE FOR WEARINESS THE DULL LIGHT FELL MORE FAINTLY UPON THE PAGE WHEREON ANOTHER EQUATION BEGAN TO UNFOLD ITSELF SLOWLY AND TO SPREAD ABROAD ITS WIDENING TAIL A COLD LUCID INDIFFERENCE REIGNED IN HIS SOUL THE CHAOS IN WHICH HIS ARDOUR EXTINGUISHED ITSELF WAS A COLD INDIFFERENT KNOWLEDGE OF HIMSELF
openai/small,large,10,rms,0.0282,0.0073,3,1,0,138,142,0.1183,7.028,59.425,"He hoped there would be stew for dinner, turnips and carrots and bruised potatoes and fat mutton pieces to be ladled out in thick, peppered, flour-fattened sauce. Stuffed into you, his belly counseled him. After early nightfall the yellow lamps would light up here and there the squalid quarter of the brothels. Hello, Bertie, any good in your mind? Number 10. Fresh Nelly is waiting on you. Good night, husband. The music came nearer and he recalled the words, the words of Shelly's fragment upon the moon wandering companionless, pale for weariness. The dull light fell more faintly upon the page whereon another equation began to unfold itself slowly and to spread abroad its widening tale. A cold, lucid indifference reigned in his soul. The chaos in which his ardor extinguished itself was a cold indifferent knowledge of himself.",HE HOPED THERE WOULD BE STEW FOR DINNER TURNIPS AND CARROTS AND BRUISED POTATOES AND FAT MUTTON PIECES TO BE LADLED OUT IN THICK PEPPERED FLOUR FATTENED SAUCE STUFF IT INTO YOU HIS BELLY COUNSELLED HIM AFTER EARLY NIGHTFALL THE YELLOW LAMPS WOULD LIGHT UP HERE AND THERE THE SQUALID QUARTER OF THE BROTHELS HELLO BERTIE ANY GOOD IN YOUR MIND NUMBER TEN FRESH NELLY IS WAITING ON YOU GOOD NIGHT HUSBAND THE MUSIC CAME NEARER AND HE RECALLED THE WORDS THE WORDS OF SHELLEY'S FRAGMENT UPON THE MOON WANDERING COMPANIONLESS PALE FOR WEARINESS THE DULL LIGHT FELL MORE FAINTLY UPON THE PAGE WHEREON ANOTHER EQUATION BEGAN TO UNFOLD ITSELF SLOWLY AND TO SPREAD ABROAD ITS WIDENING TAIL A COLD LUCID INDIFFERENCE REIGNED IN HIS SOUL THE CHAOS IN WHICH HIS ARDOUR EXTINGUISHED ITSELF WAS A COLD INDIFFERENT KNOWLEDGE OF HIMSELF
openai/small,large,10,vad,0.5563,0.552,1,78,0,63,142,0.0591,3.51,59.425,"He hoped there would be stew for dinner, turnips and carrots and bruised potatoes and fat mutton pieces to be ladled out in thick, peppered, flour-fattened sauce duffed into you. His belly counseled him. After early nightfall, the yellow lamps would light up here and there, the squalid quarter of the brothels. Good night, husband. He was a cold indifferent knowledge of himself.",HE HOPED THERE WOULD BE STEW FOR DINNER TURNIPS AND CARROTS AND BRUISED POTATOES AND FAT MUTTON PIECES TO BE LADLED OUT IN THICK PEPPERED FLOUR FATTENED SAUCE STUFF IT INTO YOU HIS BELLY COUNSELLED HIM AFTER EARLY NIGHTFALL THE YELLOW LAMPS WOULD LIGHT UP HERE AND THERE THE SQUALID QUARTER OF THE BROTHELS HELLO BERTIE ANY GOOD IN YOUR MIND NUMBER TEN FRESH NELLY IS WAITING ON YOU GOOD NIGHT HUSBAND THE MUSIC CAME NEARER AND HE RECALLED THE WORDS THE WORDS OF SHELLEY'S FRAGMENT UPON THE MOON WANDERING COMPANIONLESS PALE FOR WEARINESS THE DULL LIGHT FELL MORE FAINTLY UPON THE PAGE WHEREON ANOTHER EQUATION BEGAN TO UNFOLD ITSELF SLOWLY AND TO SPREAD ABROAD ITS WIDENING TAIL A COLD LUCID INDIFFERENCE REIGNED IN HIS SOUL THE CHAOS IN WHICH HIS ARDOUR EXTINGUISHED ITSELF WAS A COLD INDIFFERENT KNOWLEDGE OF HIMSELF
openai/small,large,10,spectral,0.0775,0.0428,8,1,2,133,142,0.1197,7.112,59.425,"He hoped there would be stew for dinner, turnips and carrots and bruised potatoes and fat mutt pieces to be ladled out, thick peppered flour-fat sauce. Stuff it into you, and his belly counted in. After early nightfall the yellow lamps would light up here and there, the squalid quarter of the brothels. Hello, Bertie, any good in your mind? Number 10. Fresh Nelly is waiting on you. Good night, husband. The music came nearer, and he recalled the words, the words of Shelly's fragment upon the moon wandering in panacea, pale for weariness. The dull light fell more faintly upon the page, whereon another equation began to unfold itself slowly and to spread abroad its widening chains. A cold, lucid indifference reigned in his soul. The chaos in which his ardor extinguished itself was a cold, different knowledge of himself.",HE HOPED THERE WOULD BE STEW FOR DINNER TURNIPS AND CARROTS AND BRUISED POTATOES AND FAT MUTTON PIECES TO BE LADLED OUT IN THICK PEPPERED FLOUR FATTENED SAUCE STUFF IT INTO YOU HIS BELLY COUNSELLED HIM AFTER EARLY NIGHTFALL THE YELLOW LAMPS WOULD LIGHT UP HERE AND THERE THE SQUALID QUARTER OF THE BROTHELS HELLO BERTIE ANY GOOD IN YOUR MIND NUMBER TEN FRESH NELLY IS WAITING ON YOU GOOD NIGHT HUSBAND THE MUSIC CAME NEARER AND HE RECALLED THE WORDS THE WORDS OF SHELLEY'S FRAGMENT UPON THE MOON WANDERING COMPANIONLESS PALE FOR WEARINESS THE DULL LIGHT FELL MORE FAINTLY UPON THE PAGE WHEREON ANOTHER EQUATION BEGAN TO UNFOLD ITSELF SLOWLY AND TO SPREAD ABROAD ITS WIDENING TAIL A COLD LUCID INDIFFERENCE REIGNED IN HIS SOUL THE CHAOS IN WHICH HIS ARDOUR EXTINGUISHED ITSELF WAS A COLD INDIFFERENT KNOWLEDGE OF HIMSELF
openai/small,large,20,none,0.0211,0.0061,2,1,0,139,142,0.1191,7.079,59.425,"He hoped there would be stew for dinner, turnips and carrots and bruised potatoes and fat mutton pieces to be ladled out in thick, peppered, flour-fattened sauce. Stuffed into you, his belly counseled him. After early nightfall the yellow lamps would light up here and there the squalid quarter of the brothels. Hello, Bertie, any good in your mind? Number 10! Fresh Nelly is waiting on you! Good night, husband! The music came nearer and he recalled the words, the words of Shelley's fragment upon the moon wandering companionless, pale for weariness. The dull light fell more faintly upon the page whereon another equation began to unfold itself slowly and to spread abroad its widening tale. A cold, lucid indifference reigned in his soul. The chaos in which his ardour extinguished itself was a cold, indifferent knowledge of himself.",HE HOPED THERE WOULD BE STEW FOR DINNER TURNIPS AND CARROTS AND BRUISED POTATOES AND FAT MUTTON PIECES TO BE LADLED OUT IN THICK PEPPERED FLOUR FATTENED SAUCE STUFF IT INTO YOU HIS BELLY COUNSELLED HIM AFTER EARLY NIGHTFALL THE YELLOW LAMPS WOULD LIGHT UP HERE AND THERE THE SQUALID QUARTER OF THE BROTHELS HELLO BERTIE ANY GOOD IN YOUR MIND NUMBER TEN FRESH NELLY IS WAITING ON YOU GOOD NIGHT HUSBAND THE MUSIC CAME NEARER AND HE RECALLED THE WORDS THE WORDS OF SHELLEY'S FRAGMENT UPON THE MOON WANDERING COMPANIONLESS PALE FOR WEARINESS THE DULL LIGHT FELL MORE FAINTLY UPON THE PAGE WHEREON ANOTHER EQUATION BEGAN TO UNFOLD ITSELF SLOWLY AND TO SPREAD ABROAD ITS WIDENING TAIL A COLD LUCID INDIFFERENCE REIGNED IN HIS SOUL THE CHAOS IN WHICH HIS ARDOUR EXTINGUISHED ITSELF WAS A COLD INDIFFERENT KNOWLEDGE OF HIMSELF
openai/small,large,20,rms,0.0211,0.0061,2,1,0,139,142,0.1179,7.008,59.425,"He hoped there would be stew for dinner, turnips and carrots and bruised potatoes and fat mutton pieces to be ladled out in thick, peppered, flour-fattened sauce. Stuffed into you, his belly counseled him. After early nightfall the yellow lamps would light up here and there the squalid quarter of the brothels. Hello, Bertie, any good in your mind? Number 10! Fresh Nelly is waiting on you! Good night, husband! The music came nearer and he recalled the words, the words of Shelley's fragment upon the moon wandering companionless, pale for weariness. The dull light fell more faintly upon the page whereon another equation began to unfold itself slowly and to spread abroad its widening tale. A cold, lucid indifference reigned in his soul. The chaos in which his ardour extinguished itself was a cold, indifferent knowledge of himself.",HE HOPED THERE WOULD BE STEW FOR DINNER TURNIPS AND CARROTS AND BRUISED POTATOES AND FAT MUTTON PIECES TO BE LADLED OUT IN THICK PEPPERED FLOUR FATTENED SAUCE STUFF IT INTO YOU HIS BELLY COUNSELLED HIM AFTER EARLY NIGHTFALL THE YELLOW LAMPS WOULD LIGHT UP HERE AND THERE THE SQUALID QUARTER OF THE BROTHELS HELLO BERTIE ANY GOOD IN YOUR MIND NUMBER TEN FRESH NELLY IS WAITING ON YOU GOOD NIGHT HUSBAND THE MUSIC CAME NEARER AND HE RECALLED THE WORDS THE WORDS OF SHELLEY'S FRAGMENT UPON THE MOON WANDERING COMPANIONLESS PALE FOR WEARINESS THE DULL LIGHT FELL MORE FAINTLY UPON THE PAGE WHEREON ANOTHER EQUATION BEGAN TO UNFOLD ITSELF SLOWLY AND TO SPREAD ABROAD ITS WIDENING TAIL A COLD LUCID INDIFFERENCE REIGNED IN HIS SOUL THE CHAOS IN WHICH HIS ARDOUR EXTINGUISHED ITSELF WAS A COLD INDIFFERENT KNOWLEDGE OF HIMSELF
openai/small,large,20,vad,0.0211,0.0061,3,0,0,139,142,0.1198,7.117,59.425,"He hoped there would be stew for dinner, turnips and carrots and bruised potatoes and fat mutton pieces to be ladled out in thick, peppered, flour-fattened sauce, stuffed it into you. His belly counseled him. After early nightfall, the yellow lamps would light up here and there, the squalid quarter of the brothels. Hello, Bertie, any good in your mind? Number 10. Fresh Nelly is waiting on you. Good night, husband. The music came nearer, and he recalled the words. The words of Shelly's fragment upon the moon, wandering companionless, pale for weariness. The dull light fell more faintly upon the page, whereon another equation began to unfold itself slowly and to spread abroad its widening tale. A cold, lucid indifference reigned in his soul. The chaos in which his ardor extinguished itself was a cold, indifferent knowledge of himself.",HE HOPED THERE WOULD BE STEW FOR DINNER TURNIPS AND CARROTS AND BRUISED POTATOES AND FAT MUTTON PIECES TO BE LADLED OUT IN THICK PEPPERED FLOUR FATTENED SAUCE STUFF IT INTO YOU HIS BELLY COUNSELLED HIM AFTER EARLY NIGHTFALL THE YELLOW LAMPS WOULD LIGHT UP HERE AND THERE THE SQUALID QUARTER OF THE BROTHELS HELLO BERTIE ANY GOOD IN YOUR MIND NUMBER TEN FRESH NELLY IS WAITING ON YOU GOOD NIGHT HUSBAND THE MUSIC CAME NEARER AND HE RECALLED THE WORDS THE WORDS OF SHELLEY'S FRAGMENT UPON THE MOON WANDERING COMPANIONLESS PALE FOR WEARINESS THE DULL LIGHT FELL MORE FAINTLY UPON THE PAGE WHEREON ANOTHER EQUATION BEGAN TO UNFOLD ITSELF SLOWLY AND TO SPREAD ABROAD ITS WIDENING TAIL A COLD LUCID INDIFFERENCE REIGNED IN HIS SOUL THE CHAOS IN WHICH HIS ARDOUR EXTINGUISHED ITSELF WAS A COLD INDIFFERENT KNOWLEDGE OF HIMSELF
openai/small,large,20,spectral,0.0704,0.0257,6,2,2,134,142,0.121,7.188,59.425,"He hoped there would be stew for dinner, turnips and carrots and bruised potatoes and fat mutton pieces to be ladled out, thick peppered flour-fat sauce. Stuff it into you, his belly counseled him. After early nightfall the yellow lamps would light up here and there the squalid quarter of the brothels. Hello, Bertie, any good in your mind? Number 10. Fresh Nelly is waiting on you. Good night, husband. The music came nearer and he recalled the words, the words of Shelly's fragment upon the moon wandering in a panionless pale forwearingness. The dull light fell more faintly upon the page whereon another equation began to unfold itself slowly and to spread abroad its widening tale. A cold, lucid indifference reigned in his soul. The chaos in which his ardor extinguished itself was a cold, indifferent knowledge of itself.",HE HOPED THERE WOULD BE STEW FOR DINNER TURNIPS AND CARROTS AND BRUISED POTATOES AND FAT MUTTON PIECES TO BE LADLED OUT IN THICK PEPPERED FLOUR FATTENED SAUCE STUFF IT INTO YOU HIS BELLY COUNSELLED HIM AFTER EARLY NIGHTFALL THE YELLOW LAMPS WOULD LIGHT UP HERE AND THERE THE SQUALID QUARTER OF THE BROTHELS HELLO BERTIE ANY GOOD IN YOUR MIND NUMBER TEN FRESH NELLY IS WAITING ON YOU GOOD NIGHT HUSBAND THE MUSIC CAME NEARER AND HE RECALLED THE WORDS THE WORDS OF SHELLEY'S FRAGMENT UPON THE MOON WANDERING COMPANIONLESS PALE FOR WEARINESS THE DULL LIGHT FELL MORE FAINTLY UPON THE PAGE WHEREON ANOTHER EQUATION BEGAN TO UNFOLD ITSELF SLOWLY AND TO SPREAD ABROAD ITS WIDENING TAIL A COLD LUCID INDIFFERENCE REIGNED IN HIS SOUL THE CHAOS IN WHICH HIS ARDOUR EXTINGUISHED ITSELF WAS A COLD INDIFFERENT KNOWLEDGE OF HIMSELF
openai/small,large,40,none,0.0282,0.0073,3,1,0,138,142,0.1208,7.177,59.425,"He hoped there would be stew for dinner, turnips and carrots and bruised potatoes and fat mutton pieces to be ladled out in thick, peppered, flour-fattened sauce. Stuffed into you, his belly counseled him. After early nightfall the yellow lamps would light up here and there the squalid quarter of the brothels. Hello, Bertie! Any good in your mind? Number 10! Fresh Nelly is waiting on you! Good night, husband! The music came nearer and he recalled the words, the words of Shelly's fragment upon the moon wandering companionless, pale for weariness. The dull light fell more faintly upon the page, whereon another equation began to unfold itself slowly and to spread abroad its widening tale. A cold, lucid indifference reigned in his soul. The chaos in which his ardour extinguished itself was a cold, indifferent knowledge of himself.",HE HOPED THERE WOULD BE STEW FOR DINNER TURNIPS AND CARROTS AND BRUISED POTATOES AND FAT MUTTON PIECES TO BE LADLED OUT IN THICK PEPPERED FLOUR FATTENED SAUCE STUFF IT INTO YOU HIS BELLY COUNSELLED HIM AFTER EARLY NIGHTFALL THE YELLOW LAMPS WOULD LIGHT UP HERE AND THERE THE SQUALID QUARTER OF THE BROTHELS HELLO BERTIE ANY GOOD IN YOUR MIND NUMBER TEN FRESH NELLY IS WAITING ON YOU GOOD NIGHT HUSBAND THE MUSIC CAME NEARER AND HE RECALLED THE WORDS THE WORDS OF SHELLEY'S FRAGMENT UPON THE MOON WANDERING COMPANIONLESS PALE FOR WEARINESS THE DULL LIGHT FELL MORE FAINTLY UPON THE PAGE WHEREON ANOTHER EQUATION BEGAN TO UNFOLD ITSELF SLOWLY AND TO SPREAD ABROAD ITS WIDENING TAIL A COLD LUCID INDIFFERENCE REIGNED IN HIS SOUL THE CHAOS IN WHICH HIS ARDOUR EXTINGUISHED ITSELF WAS A COLD INDIFFERENT KNOWLEDGE OF HIMSELF
openai/small,large,40,rms,0.0282,0.0073,3,1,0,138,142,0.1213,7.208,59.425,"He hoped there would be stew for dinner, turnips and carrots and bruised potatoes and fat mutton pieces to be ladled out in thick, peppered, flour-fattened sauce. Stuffed into you, his belly counseled him. After early nightfall the yellow lamps would light up here and there the squalid quarter of the brothels. Hello, Bertie! Any good in your mind? Number 10! Fresh Nelly is waiting on you! Good night, husband! The music came nearer and he recalled the words, the words of Shelly's fragment upon the moon wandering companionless, pale for weariness. The dull light fell more faintly upon the page, whereon another equation began to unfold itself slowly and to spread abroad its widening tale. A cold, lucid indifference reigned in his soul. The chaos in which his ardour extinguished itself was a cold, indifferent knowledge of himself.",HE HOPED THERE WOULD BE STEW FOR DINNER TURNIPS AND CARROTS AND BRUISED POTATOES AND FAT MUTTON PIECES TO BE LADLED OUT IN THICK PEPPERED FLOUR FATTENED SAUCE STUFF IT INTO YOU HIS BELLY COUNSELLED HIM AFTER EARLY NIGHTFALL THE YELLOW LAMPS WOULD LIGHT UP HERE AND THERE THE SQUALID QUARTER OF THE BROTHELS HELLO BERTIE ANY GOOD IN YOUR MIND NUMBER TEN FRESH NELLY IS WAITING ON YOU GOOD NIGHT HUSBAND THE MUSIC CAME NEARER AND HE RECALLED THE WORDS THE WORDS OF SHELLEY'S FRAGMENT UPON THE MOON WANDERING COMPANIONLESS PALE FOR WEARINESS THE DULL LIGHT FELL MORE FAINTLY UPON THE PAGE WHEREON ANOTHER EQUATION BEGAN TO UNFOLD ITSELF SLOWLY AND TO SPREAD ABROAD ITS WIDENING TAIL A COLD LUCID INDIFFERENCE REIGNED IN HIS SOUL THE CHAOS IN WHICH HIS ARDOUR EXTINGUISHED ITSELF WAS A COLD INDIFFERENT KNOWLEDGE OF HIMSELF
openai/small,large,40,vad,0.0211,0.0122,2,1,0,139,142,0.1179,7.009,59.425,"He hoped there would be stew for dinner, turnips and carrots and bruised potatoes, and fat mutton pieces to be ladled out in thick, peppered, flour-fattened sauce, stuff it into you, his belly counseled him. After early nightfall the yellow lamps would light up here and there, the squalid quarter of the brothels. Hello, Bertie, any good in your mind? 10. Fresh Nelly is waiting on you. Good night, husband! The music came nearer, and he recalled the words. The words of Shelly's fragment upon the moon, wandering companionless, pale for weariness. The dull light fell more faintly upon the page, whereon another equation began to unfold itself slowly and to spread abroad its widening tale. A cold, lucid indifference reigned in his soul. The chaos in which his ardour extinguished itself was a cold, indifferent knowledge of himself.",HE HOPED THERE WOULD BE STEW FOR DINNER TURNIPS AND CARROTS AND BRUISED POTATOES AND FAT MUTTON PIECES TO BE LADLED OUT IN THICK PEPPERED FLOUR FATTENED SAUCE STUFF IT INTO YOU HIS BELLY COUNSELLED HIM AFTER EARLY NIGHTFALL THE YELLOW LAMPS WOULD LIGHT UP HERE AND THERE THE SQUALID QUARTER OF THE BROTHELS HELLO BERTIE ANY GOOD IN YOUR MIND NUMBER TEN FRESH NELLY IS WAITING ON YOU GOOD NIGHT HUSBAND THE MUSIC CAME NEARER AND HE RECALLED THE WORDS THE WORDS OF SHELLEY'S FRAGMENT UPON THE MOON WANDERING COMPANIONLESS PALE FOR WEARINESS THE DULL LIGHT FELL MORE FAINTLY UPON THE PAGE WHEREON ANOTHER EQUATION BEGAN TO UNFOLD ITSELF SLOWLY AND TO SPREAD ABROAD ITS WIDENING TAIL A COLD LUCID INDIFFERENCE REIGNED IN HIS SOUL THE CHAOS IN WHICH HIS ARDOUR EXTINGUISHED ITSELF WAS A COLD INDIFFERENT KNOWLEDGE OF HIMSELF
openai/small,large,40,spectral,0.0775,0.0355,5,1,5,136,142,0.1219,7.242,59.425,"He hoped there would be stew for dinner, turnips and carrots and bruised potatoes and fat mutton-pieces to be ladled out in thick, peppered, flour-fattened sauce. Stuff it into you, and his belly counts in him. After early nightfall the yellow lamps would light up here and there in the squalid quarter of the brothels. Hello, Bertie, any good in your mind? Number 10. Fresh Nelly is waiting on you. Good night, husband. The music came nearer and he recalled the words, the words of Shelly's fragment upon the moon wandering in a panulous pale forwearingness. The dull light fell more faintly upon the page whereon another equation began to unfold itself slowly and to spread abroad its widening tone. A cold, lucid indifference reigned in his soul. The chaos in which his ardor extinguished itself was a cold, indifferent knowledge of himself.",HE HOPED THERE WOULD BE STEW FOR DINNER TURNIPS AND CARROTS AND BRUISED POTATOES AND FAT MUTTON PIECES TO BE LADLED OUT IN THICK PEPPERED FLOUR FATTENED SAUCE STUFF IT INTO YOU HIS BELLY COUNSELLED HIM AFTER EARLY NIGHTFALL THE YELLOW LAMPS WOULD LIGHT UP HERE AND THERE THE SQUALID QUARTER OF THE BROTHELS HELLO BERTIE ANY GOOD IN YOUR MIND NUMBER TEN FRESH NELLY IS WAITING ON YOU GOOD NIGHT HUSBAND THE MUSIC CAME NEARER AND HE RECALLED THE WORDS THE WORDS OF SHELLEY'S FRAGMENT UPON THE MOON WANDERING COMPANIONLESS PALE FOR WEARINESS THE DULL LIGHT FELL MORE FAINTLY UPON THE PAGE WHEREON ANOTHER EQUATION BEGAN TO UNFOLD ITSELF SLOWLY AND TO SPREAD ABROAD ITS WIDENING TAIL A COLD LUCID INDIFFERENCE REIGNED IN HIS SOUL THE CHAOS IN WHICH HIS ARDOUR EXTINGUISHED ITSELF WAS A COLD INDIFFERENT KNOWLEDGE OF HIMSELF
