noise_label,noise_type,noise_snr_db,noise_rt60,pipeline,clip,wer,cer,subs,dels,ins,rtf,infer_s,hypothesis,reference,peak_rss_mb,peak_mps_mb,peak_cpu_pct,mean_cpu_pct,peak_gpu_pct,mean_gpu_pct
gaussian_snr0,gaussian,0.0,,baseline,small,0.0,0.0,0,0,0,0.3876,2.021,"Number 10. Fresh Nelly is waiting on you. Good night, husband.",NUMBER TEN FRESH NELLY IS WAITING ON YOU GOOD NIGHT HUSBAND,1010.9,0.0,109.1,62.8,0,0.0
gaussian_snr0,gaussian,0.0,,baseline,medium,0.1489,0.0719,5,1,1,0.1364,2.753,"The music came nearer and he recalled the words, the words of Shelley's fragment upon the mean wandering containerless pale for weariness. The dull light fell more faintly upon the page whereon another equation began to unfold itself slowly and spread abroad as wide as pale.",THE MUSIC CAME NEARER AND HE RECALLED THE WORDS THE WORDS OF SHELLEY'S FRAGMENT UPON THE MOON WANDERING COMPANIONLESS PALE FOR WEARINESS THE DULL LIGHT FELL MORE FAINTLY UPON THE PAGE WHEREON ANOTHER EQUATION BEGAN TO UNFOLD ITSELF SLOWLY AND TO SPREAD ABROAD ITS WIDENING TAIL,1070.7,0.0,108.7,59.1,0,0.0
gaussian_snr0,gaussian,0.0,,baseline,large,0.1901,0.0967,16,5,6,0.1357,8.064,"He hoped there would be stew for dinner, turnips and carrots and bruised potatoes and fat and mutton pieces to be ladled out in thick, peppered, flowered fat and sauce. Suffered into you, his belly countered him. After early nightfall, the yellow lamps would light up here and there in the squallered quarter of the brothel. Hello, Bertie, any good in your mind? Number 10. Fresh Nelly is waiting on you. Good night, husband. The music came nearer and he recalled the words, the words of Shelley's frightness upon the moon wandering in tandem with pale forwearingness. The dull light fell more faintly upon the page whereon another equation began to unfold itself slowly and spread abroad its widening pale. A cold leaps its indifference, deranging itself. The chaos in which his ardor extinguished itself is a cold indifference knowledge of itself.",HE HOPED THERE WOULD BE STEW FOR DINNER TURNIPS AND CARROTS AND BRUISED POTATOES AND FAT MUTTON PIECES TO BE LADLED OUT IN THICK PEPPERED FLOUR FATTENED SAUCE STUFF IT INTO YOU HIS BELLY COUNSELLED HIM AFTER EARLY NIGHTFALL THE YELLOW LAMPS WOULD LIGHT UP HERE AND THERE THE SQUALID QUARTER OF THE BROTHELS HELLO BERTIE ANY GOOD IN YOUR MIND NUMBER TEN FRESH NELLY IS WAITING ON YOU GOOD NIGHT HUSBAND THE MUSIC CAME NEARER AND HE RECALLED THE WORDS THE WORDS OF SHELLEY'S FRAGMENT UPON THE MOON WANDERING COMPANIONLESS PALE FOR WEARINESS THE DULL LIGHT FELL MORE FAINTLY UPON THE PAGE WHEREON ANOTHER EQUATION BEGAN TO UNFOLD ITSELF SLOWLY AND TO SPREAD ABROAD ITS WIDENING TAIL A COLD LUCID INDIFFERENCE REIGNED IN HIS SOUL THE CHAOS IN WHICH HIS ARDOUR EXTINGUISHED ITSELF WAS A COLD INDIFFERENT KNOWLEDGE OF HIMSELF,1158.9,0.0,104.8,54.3,0,0.0
gaussian_snr0,gaussian,0.0,,vad,small,0.2727,0.1207,2,1,0,0.1877,0.979,"Number 10, Special Nelly is waiting on you. Goodnight, Husband.",NUMBER TEN FRESH NELLY IS WAITING ON YOU GOOD NIGHT HUSBAND,630.7,0.0,106.0,57.6,0,0.0
gaussian_snr0,gaussian,0.0,,vad,medium,0.1489,0.0791,4,1,2,0.0971,1.961,"The music came nearer and he recalled the words, the words of Shelley's fragment upon the moon, wandering in timeless pale for weariness. The dull light fell more faintly upon the page, whereon another equation began to unfold itself slowly and spread abroad as white as pale.",THE MUSIC CAME NEARER AND HE RECALLED THE WORDS THE WORDS OF SHELLEY'S FRAGMENT UPON THE MOON WANDERING COMPANIONLESS PALE FOR WEARINESS THE DULL LIGHT FELL MORE FAINTLY UPON THE PAGE WHEREON ANOTHER EQUATION BEGAN TO UNFOLD ITSELF SLOWLY AND TO SPREAD ABROAD ITS WIDENING TAIL,672.6,0.0,108.4,53.8,0,0.0
gaussian_snr0,gaussian,0.0,,vad,large,0.1761,0.0906,15,2,8,0.1066,6.333,"He hoped there would be stew for dinner, turnips and carrots and bruised potatoes and fat and mutton pieces to be ladled out in thick, peppered, floured fat and sauce, duffed into you, his belly counted in. After early nightfall, the yellow lamps would light up here and there in the squallered quarter of the brothel. Hello, Bertie, any good in your mind? Number 10. Fresh Nelly is waiting on you. Good night, husband. The music came nearer and he recalled the words, the words of Shelley's frighteners upon the moon wandering in time. They must pale for weariness, for dull light fell more faintly upon the page whereon another equation began to unfold itself slowly and spread abroad its widening pale. A cold, leaps its indifference, the rain in his soul, the chaos in which his ardor extinguished itself, as a cold indifference knowledge of himself.",HE HOPED THERE WOULD BE STEW FOR DINNER TURNIPS AND CARROTS AND BRUISED POTATOES AND FAT MUTTON PIECES TO BE LADLED OUT IN THICK PEPPERED FLOUR FATTENED SAUCE STUFF IT INTO YOU HIS BELLY COUNSELLED HIM AFTER EARLY NIGHTFALL THE YELLOW LAMPS WOULD LIGHT UP HERE AND THERE THE SQUALID QUARTER OF THE BROTHELS HELLO BERTIE ANY GOOD IN YOUR MIND NUMBER TEN FRESH NELLY IS WAITING ON YOU GOOD NIGHT HUSBAND THE MUSIC CAME NEARER AND HE RECALLED THE WORDS THE WORDS OF SHELLEY'S FRAGMENT UPON THE MOON WANDERING COMPANIONLESS PALE FOR WEARINESS THE DULL LIGHT FELL MORE FAINTLY UPON THE PAGE WHEREON ANOTHER EQUATION BEGAN TO UNFOLD ITSELF SLOWLY AND TO SPREAD ABROAD ITS WIDENING TAIL A COLD LUCID INDIFFERENCE REIGNED IN HIS SOUL THE CHAOS IN WHICH HIS ARDOUR EXTINGUISHED ITSELF WAS A COLD INDIFFERENT KNOWLEDGE OF HIMSELF,769.1,0.0,102.5,55.0,0,0.0
gaussian_snr0,gaussian,0.0,,spectral,small,0.2727,0.0517,2,1,0,0.1799,0.938,"Number 10, fresh Nellie is waiting on you. Goodnight husband.",NUMBER TEN FRESH NELLY IS WAITING ON YOU GOOD NIGHT HUSBAND,795.8,0.0,108.6,56.6,0,0.0
gaussian_snr0,gaussian,0.0,,spectral,medium,0.4894,0.3381,6,10,7,0.1358,2.741,"The music came nearer, and he recalled the words, the words of Shelley's fragment upon the knees and wanders, and times of us hailed for real in it. The dull light fell more faintly upon the cage, whereon another's equation began, and",THE MUSIC CAME NEARER AND HE RECALLED THE WORDS THE WORDS OF SHELLEY'S FRAGMENT UPON THE MOON WANDERING COMPANIONLESS PALE FOR WEARINESS THE DULL LIGHT FELL MORE FAINTLY UPON THE PAGE WHEREON ANOTHER EQUATION BEGAN TO UNFOLD ITSELF SLOWLY AND TO SPREAD ABROAD ITS WIDENING TAIL,866.1,0.0,99.7,48.8,0,0.0
gaussian_snr0,gaussian,0.0,,spectral,large,0.3451,0.2154,32,8,9,0.1191,7.075,"He hoped there would be school for dinner, Turnips and carrots and bruised potatoes, And fat and much-kept, He labelled out thick, clever, flower-flat sauce. Stuffed into his belly-pumpkin. After early nightfall, the yellow lamps his light-house years there, The squallered quarter of the glass was lit. Hello, Bertie, any good in your mind? Number ten, fresh Nelly is waiting on you. Good night, husband. The music came nearer, and he recalled the words. The words of Shelley's frighten upon the meaning of wandering, and timorous tales for hearing it. The dull light fell more faintly upon the page, whereon another's equation began to unfold itself slowly, and spread abroad its white and green. A cold, lucid and different, rancor in itself. The chaos in which it arged itself is a cold, lucid, different knowledge in itself.",HE HOPED THERE WOULD BE STEW FOR DINNER TURNIPS AND CARROTS AND BRUISED POTATOES AND FAT MUTTON PIECES TO BE LADLED OUT IN THICK PEPPERED FLOUR FATTENED SAUCE STUFF IT INTO YOU HIS BELLY COUNSELLED HIM AFTER EARLY NIGHTFALL THE YELLOW LAMPS WOULD LIGHT UP HERE AND THERE THE SQUALID QUARTER OF THE BROTHELS HELLO BERTIE ANY GOOD IN YOUR MIND NUMBER TEN FRESH NELLY IS WAITING ON YOU GOOD NIGHT HUSBAND THE MUSIC CAME NEARER AND HE RECALLED THE WORDS THE WORDS OF SHELLEY'S FRAGMENT UPON THE MOON WANDERING COMPANIONLESS PALE FOR WEARINESS THE DULL LIGHT FELL MORE FAINTLY UPON THE PAGE WHEREON ANOTHER EQUATION BEGAN TO UNFOLD ITSELF SLOWLY AND TO SPREAD ABROAD ITS WIDENING TAIL A COLD LUCID INDIFFERENCE REIGNED IN HIS SOUL THE CHAOS IN WHICH HIS ARDOUR EXTINGUISHED ITSELF WAS A COLD INDIFFERENT KNOWLEDGE OF HIMSELF,1008.4,0.0,99.6,51.8,0,0.0
gaussian_snr0,gaussian,0.0,,rms,small,0.0,0.0,0,0,0,0.1959,1.022,"Number 10. Fresh Nelly is waiting on you. Good night, husband.",NUMBER TEN FRESH NELLY IS WAITING ON YOU GOOD NIGHT HUSBAND,774.7,0.0,106.3,60.2,0,0.0
gaussian_snr0,gaussian,0.0,,rms,medium,0.1277,0.0612,5,0,1,0.0986,1.991,"The music came nearer and he recalled the words, the words of Shelley's fragment upon the mean wandering containerless pale for weariness. The dull light fell more faintly upon the page whereon another equation began to unfold itself slowly and to spread abroad as wide as pale.",THE MUSIC CAME NEARER AND HE RECALLED THE WORDS THE WORDS OF SHELLEY'S FRAGMENT UPON THE MOON WANDERING COMPANIONLESS PALE FOR WEARINESS THE DULL LIGHT FELL MORE FAINTLY UPON THE PAGE WHEREON ANOTHER EQUATION BEGAN TO UNFOLD ITSELF SLOWLY AND TO SPREAD ABROAD ITS WIDENING TAIL,717.0,0.0,105.5,55.2,0,0.0
gaussian_snr0,gaussian,0.0,,rms,large,0.1901,0.0967,16,5,6,0.1246,7.406,"He hoped there would be stew for dinner, turnips and carrots and bruised potatoes and fat and mutton pieces to be ladled out in thick, peppered, flowered fat and sauce. Suffered into you, his belly countered him. After early nightfall, the yellow lamps would light up here and there in the squallered quarter of the brothel. Hello, Bertie, any good in your mind? Number 10. Fresh Nelly is waiting on you. Good night, husband. The music came nearer and he recalled the words, the words of Shelley's frightness upon the moon wandering in tandem with pale forwearingness. The dull light fell more faintly upon the page whereon another equation began to unfold itself slowly and spread abroad its widening pale. A cold leaps its indifference, deranging itself. The chaos in which his ardor extinguished itself is a cold indifference knowledge of itself.",HE HOPED THERE WOULD BE STEW FOR DINNER TURNIPS AND CARROTS AND BRUISED POTATOES AND FAT MUTTON PIECES TO BE LADLED OUT IN THICK PEPPERED FLOUR FATTENED SAUCE STUFF IT INTO YOU HIS BELLY COUNSELLED HIM AFTER EARLY NIGHTFALL THE YELLOW LAMPS WOULD LIGHT UP HERE AND THERE THE SQUALID QUARTER OF THE BROTHELS HELLO BERTIE ANY GOOD IN YOUR MIND NUMBER TEN FRESH NELLY IS WAITING ON YOU GOOD NIGHT HUSBAND THE MUSIC CAME NEARER AND HE RECALLED THE WORDS THE WORDS OF SHELLEY'S FRAGMENT UPON THE MOON WANDERING COMPANIONLESS PALE FOR WEARINESS THE DULL LIGHT FELL MORE FAINTLY UPON THE PAGE WHEREON ANOTHER EQUATION BEGAN TO UNFOLD ITSELF SLOWLY AND TO SPREAD ABROAD ITS WIDENING TAIL A COLD LUCID INDIFFERENCE REIGNED IN HIS SOUL THE CHAOS IN WHICH HIS ARDOUR EXTINGUISHED ITSELF WAS A COLD INDIFFERENT KNOWLEDGE OF HIMSELF,791.6,0.0,110.0,56.8,0,0.0
gaussian_snr5,gaussian,5.0,,baseline,small,0.0,0.0,0,0,0,0.1876,0.978,"Number 10. Fresh Nelly is waiting on you. Good night, husband.",NUMBER TEN FRESH NELLY IS WAITING ON YOU GOOD NIGHT HUSBAND,777.8,0.0,100.1,57.5,0,0.0
gaussian_snr5,gaussian,5.0,,baseline,medium,0.0638,0.018,2,1,0,0.1113,2.246,"The music came nearer and he recalled the words, the words of Shelley's fragment upon the moon wandering companionless, pale forwearingness. The dull light fell more faintly upon the page whereon another equation began to unfold itself slowly and to spread abroad its widening tale.",THE MUSIC CAME NEARER AND HE RECALLED THE WORDS THE WORDS OF SHELLEY'S FRAGMENT UPON THE MOON WANDERING COMPANIONLESS PALE FOR WEARINESS THE DULL LIGHT FELL MORE FAINTLY UPON THE PAGE WHEREON ANOTHER EQUATION BEGAN TO UNFOLD ITSELF SLOWLY AND TO SPREAD ABROAD ITS WIDENING TAIL,743.8,0.0,108.2,55.4,0,0.0
gaussian_snr5,gaussian,5.0,,baseline,large,0.0352,0.0135,4,0,1,0.1288,7.652,"He hoped there would be stew for dinner, turnips and carrots and bruised potatoes and fat mutton pieces to be ladled out in thick, peppered, flour-fattened sauce. Stuff it into you, his belly counted him. After early nightfall the yellow lamps would light up here and there the squalid quarter of the brothels. Hello, Bertie, any good in your mind? Number 10. Fresh Nelly is waiting on you. Good night, husband. The music came nearer and he recalled the words, the words of Shelly's fragment upon the moon wandering companionless, pale, for weariness. The dull light fell more faintly upon the page whereon another equation began to unfold itself slowly and to spread abroad its widening tale. A cold, lucid indifference reigned in his soul. The chaos in which his ardor extinguished itself was a cold indifference in knowledge of himself.",HE HOPED THERE WOULD BE STEW FOR DINNER TURNIPS AND CARROTS AND BRUISED POTATOES AND FAT MUTTON PIECES TO BE LADLED OUT IN THICK PEPPERED FLOUR FATTENED SAUCE STUFF IT INTO YOU HIS BELLY COUNSELLED HIM AFTER EARLY NIGHTFALL THE YELLOW LAMPS WOULD LIGHT UP HERE AND THERE THE SQUALID QUARTER OF THE BROTHELS HELLO BERTIE ANY GOOD IN YOUR MIND NUMBER TEN FRESH NELLY IS WAITING ON YOU GOOD NIGHT HUSBAND THE MUSIC CAME NEARER AND HE RECALLED THE WORDS THE WORDS OF SHELLEY'S FRAGMENT UPON THE MOON WANDERING COMPANIONLESS PALE FOR WEARINESS THE DULL LIGHT FELL MORE FAINTLY UPON THE PAGE WHEREON ANOTHER EQUATION BEGAN TO UNFOLD ITSELF SLOWLY AND TO SPREAD ABROAD ITS WIDENING TAIL A COLD LUCID INDIFFERENCE REIGNED IN HIS SOUL THE CHAOS IN WHICH HIS ARDOUR EXTINGUISHED ITSELF WAS A COLD INDIFFERENT KNOWLEDGE OF HIMSELF,783.8,0.0,78.9,57.7,0,0.0
gaussian_snr5,gaussian,5.0,,vad,small,0.0,0.0,0,0,0,0.1866,0.973,"Number 10, Fresh Nelly is waiting on you. Good night, husband.",NUMBER TEN FRESH NELLY IS WAITING ON YOU GOOD NIGHT HUSBAND,714.2,0.0,110.3,60.0,0,0.0
gaussian_snr5,gaussian,5.0,,vad,medium,0.0638,0.0216,2,1,0,0.1078,2.177,"The music came nearer and he recalled the words, the words of Shelley's fragment upon the moon, wandering companionless pale forwearingness. The dull light fell more faintly upon the page, whereon another equation began to unfold itself slowly and to spread abroad its widening pale.",THE MUSIC CAME NEARER AND HE RECALLED THE WORDS THE WORDS OF SHELLEY'S FRAGMENT UPON THE MOON WANDERING COMPANIONLESS PALE FOR WEARINESS THE DULL LIGHT FELL MORE FAINTLY UPON THE PAGE WHEREON ANOTHER EQUATION BEGAN TO UNFOLD ITSELF SLOWLY AND TO SPREAD ABROAD ITS WIDENING TAIL,758.3,0.0,105.7,53.8,0,0.0
gaussian_snr5,gaussian,5.0,,vad,large,0.0493,0.0159,5,1,1,0.106,6.301,"He hoped there would be stew for dinner, turnips and carrots and bruised potatoes and fat mutton pieces to be ladled out in thick-peppered flower-fatton sauce duffed into you. His belly counseled him. After early nightfall, the yellow lamps would light up here and there, the squalid quarter of the brothels. Hello, Bertie, any good in your mind? Number 10. Fresh Nelly is waiting on you. Good night, husband. The music came nearer and he recalled the words, the words of Shelley's fragment upon the moon, wandering, companion-less, pale, for weariness. The dull light fell more faintly upon the page, whereon another equation began to unfold itself slowly and to spread abroad its widening tale. A cold, lucid indifference reigned in his soul. The chaos in which his ardor extinguished itself was a cold, indifferent knowledge of himself.",HE HOPED THERE WOULD BE STEW FOR DINNER TURNIPS AND CARROTS AND BRUISED POTATOES AND FAT MUTTON PIECES TO BE LADLED OUT IN THICK PEPPERED FLOUR FATTENED SAUCE STUFF IT INTO YOU HIS BELLY COUNSELLED HIM AFTER EARLY NIGHTFALL THE YELLOW LAMPS WOULD LIGHT UP HERE AND THERE THE SQUALID QUARTER OF THE BROTHELS HELLO BERTIE ANY GOOD IN YOUR MIND NUMBER TEN FRESH NELLY IS WAITING ON YOU GOOD NIGHT HUSBAND THE MUSIC CAME NEARER AND HE RECALLED THE WORDS THE WORDS OF SHELLEY'S FRAGMENT UPON THE MOON WANDERING COMPANIONLESS PALE FOR WEARINESS THE DULL LIGHT FELL MORE FAINTLY UPON THE PAGE WHEREON ANOTHER EQUATION BEGAN TO UNFOLD ITSELF SLOWLY AND TO SPREAD ABROAD ITS WIDENING TAIL A COLD LUCID INDIFFERENCE REIGNED IN HIS SOUL THE CHAOS IN WHICH HIS ARDOUR EXTINGUISHED ITSELF WAS A COLD INDIFFERENT KNOWLEDGE OF HIMSELF,827.9,0.0,104.6,52.5,0,0.0
gaussian_snr5,gaussian,5.0,,spectral,small,0.0,0.0,0,0,0,0.1915,0.999,"Number 10. Fresh Nelly is waiting on you. Good night, husband.",NUMBER TEN FRESH NELLY IS WAITING ON YOU GOOD NIGHT HUSBAND,851.1,0.0,110.0,58.9,0,0.0
gaussian_snr5,gaussian,5.0,,spectral,medium,0.1702,0.1079,5,0,3,0.1158,2.337,"The music came nearer, and he recalled the words, the words of Shelley's frightness upon the means he wandered in his pantomime, pale for weariness. The dull light fell more faintly upon the page, whereon another equation began to unfold itself slowly, and to spread abroad its widening shape.",THE MUSIC CAME NEARER AND HE RECALLED THE WORDS THE WORDS OF SHELLEY'S FRAGMENT UPON THE MOON WANDERING COMPANIONLESS PALE FOR WEARINESS THE DULL LIGHT FELL MORE FAINTLY UPON THE PAGE WHEREON ANOTHER EQUATION BEGAN TO UNFOLD ITSELF SLOWLY AND TO SPREAD ABROAD ITS WIDENING TAIL,898.3,0.0,105.7,52.3,0,0.0
gaussian_snr5,gaussian,5.0,,spectral,large,0.1127,0.071,13,0,3,0.1134,6.738,"He hoped there would be stew for dinner, turnips and carrots and bruised potatoes and fat mutton pieces to be ladled out in thick, peppered, flour-fat sauce. Stuff it into you, and his belly counting in. After early nightfall the yellow lamps would light up dear and fair in the squalid quarter of the brothels. Hello, Bertie, any good in your mind? Number 10. Fresh Nelly is waiting on you. Good night, husband. The music came nearer, and he recalled the words, the words of Shelley's frighten upon the newly pondering panacea, pale for weariness. The dull light fell more faintly upon the page, whereon another equation began to unfold itself slowly, and to spread abroad its widening tinge. A cold, lucid indifference reigned in his soul. The chaos in which his ardor extinguished itself was a cold indifference of knowledge in itself.",HE HOPED THERE WOULD BE STEW FOR DINNER TURNIPS AND CARROTS AND BRUISED POTATOES AND FAT MUTTON PIECES TO BE LADLED OUT IN THICK PEPPERED FLOUR FATTENED SAUCE STUFF IT INTO YOU HIS BELLY COUNSELLED HIM AFTER EARLY NIGHTFALL THE YELLOW LAMPS WOULD LIGHT UP HERE AND THERE THE SQUALID QUARTER OF THE BROTHELS HELLO BERTIE ANY GOOD IN YOUR MIND NUMBER TEN FRESH NELLY IS WAITING ON YOU GOOD NIGHT HUSBAND THE MUSIC CAME NEARER AND HE RECALLED THE WORDS THE WORDS OF SHELLEY'S FRAGMENT UPON THE MOON WANDERING COMPANIONLESS PALE FOR WEARINESS THE DULL LIGHT FELL MORE FAINTLY UPON THE PAGE WHEREON ANOTHER EQUATION BEGAN TO UNFOLD ITSELF SLOWLY AND TO SPREAD ABROAD ITS WIDENING TAIL A COLD LUCID INDIFFERENCE REIGNED IN HIS SOUL THE CHAOS IN WHICH HIS ARDOUR EXTINGUISHED ITSELF WAS A COLD INDIFFERENT KNOWLEDGE OF HIMSELF,1020.7,0.0,103.3,51.7,0,0.0
gaussian_snr5,gaussian,5.0,,rms,small,0.0,0.0,0,0,0,0.1897,0.99,"Number 10. Fresh Nelly is waiting on you. Good night, husband.",NUMBER TEN FRESH NELLY IS WAITING ON YOU GOOD NIGHT HUSBAND,1024.4,0.0,109.7,58.0,0,0.0
gaussian_snr5,gaussian,5.0,,rms,medium,0.0638,0.018,2,1,0,0.1027,2.074,"The music came nearer and he recalled the words, the words of Shelley's fragment upon the moon wandering companionless, pale forwearingness. The dull light fell more faintly upon the page whereon another equation began to unfold itself slowly and to spread abroad its widening tale.",THE MUSIC CAME NEARER AND HE RECALLED THE WORDS THE WORDS OF SHELLEY'S FRAGMENT UPON THE MOON WANDERING COMPANIONLESS PALE FOR WEARINESS THE DULL LIGHT FELL MORE FAINTLY UPON THE PAGE WHEREON ANOTHER EQUATION BEGAN TO UNFOLD ITSELF SLOWLY AND TO SPREAD ABROAD ITS WIDENING TAIL,1025.5,0.0,102.2,55.1,0,0.0
gaussian_snr5,gaussian,5.0,,rms,large,0.0282,0.0098,4,0,0,0.1116,6.632,"He hoped there would be stew for dinner, turnips and carrots and bruised potatoes and fat mutton pieces to be ladled out in thick, peppered, flour-fattened sauce. Stuff it into you, his belly counted him. After early nightfall the yellow lamps would light up here and there the squalid quarter of the brothels. Hello, Bertie, any good in your mind? Number 10. Fresh Nelly is waiting on you. Good night, husband. The music came nearer and he recalled the words, the words of Shelly's fragment upon the moon wandering companionless, pale, for weariness. The dull light fell more faintly upon the page whereon another equation began to unfold itself slowly and to spread abroad its widening tale. A cold, lucid indifference reigned in his soul. The chaos in which his ardor extinguished itself was a cold indifference knowledge of himself.",HE HOPED THERE WOULD BE STEW FOR DINNER TURNIPS AND CARROTS AND BRUISED POTATOES AND FAT MUTTON PIECES TO BE LADLED OUT IN THICK PEPPERED FLOUR FATTENED SAUCE STUFF IT INTO YOU HIS BELLY COUNSELLED HIM AFTER EARLY NIGHTFALL THE YELLOW LAMPS WOULD LIGHT UP HERE AND THERE THE SQUALID QUARTER OF THE BROTHELS HELLO BERTIE ANY GOOD IN YOUR MIND NUMBER TEN FRESH NELLY IS WAITING ON YOU GOOD NIGHT HUSBAND THE MUSIC CAME NEARER AND HE RECALLED THE WORDS THE WORDS OF SHELLEY'S FRAGMENT UPON THE MOON WANDERING COMPANIONLESS PALE FOR WEARINESS THE DULL LIGHT FELL MORE FAINTLY UPON THE PAGE WHEREON ANOTHER EQUATION BEGAN TO UNFOLD ITSELF SLOWLY AND TO SPREAD ABROAD ITS WIDENING TAIL A COLD LUCID INDIFFERENCE REIGNED IN HIS SOUL THE CHAOS IN WHICH HIS ARDOUR EXTINGUISHED ITSELF WAS A COLD INDIFFERENT KNOWLEDGE OF HIMSELF,1027.7,0.0,111.0,52.7,0,0.0
gaussian_snr10,gaussian,10.0,,baseline,small,0.0,0.0,0,0,0,0.1994,1.04,"Number 10. Fresh Nelly is waiting on you. Good night, husband.",NUMBER TEN FRESH NELLY IS WAITING ON YOU GOOD NIGHT HUSBAND,1037.0,0.0,110.2,58.4,0,0.0
gaussian_snr10,gaussian,10.0,,baseline,medium,0.0213,0.0072,1,0,0,0.1032,2.083,"The music came nearer and he recalled the words, the words of Shelley's fragment upon the moon wandering companionless, pale for weariness. The dull light fell more faintly upon the page whereon another equation began to unfold itself slowly and to spread abroad its widening tale.",THE MUSIC CAME NEARER AND HE RECALLED THE WORDS THE WORDS OF SHELLEY'S FRAGMENT UPON THE MOON WANDERING COMPANIONLESS PALE FOR WEARINESS THE DULL LIGHT FELL MORE FAINTLY UPON THE PAGE WHEREON ANOTHER EQUATION BEGAN TO UNFOLD ITSELF SLOWLY AND TO SPREAD ABROAD ITS WIDENING TAIL,1041.3,0.0,99.1,54.2,0,0.0
gaussian_snr10,gaussian,10.0,,baseline,large,0.0282,0.0073,3,1,0,0.1118,6.641,"He hoped there would be stew for dinner, turnips and carrots and bruised potatoes and fat mutton pieces to be ladled out in thick, peppered, flour-fattened sauce. Stuffed into you, his belly counseled him. After early nightfall the yellow lamps would light up here and there the squalid quarter of the brothels. Hello, Bertie, any good in your mind? Number 10. Fresh Nelly is waiting on you. Good night, husband. The music came nearer and he recalled the words, the words of Shelly's fragment upon the moon wandering companionless, pale for weariness. The dull light fell more faintly upon the page whereon another equation began to unfold itself slowly and to spread abroad its widening tale. A cold, lucid indifference reigned in his soul. The chaos in which his ardor extinguished itself was a cold indifferent knowledge of himself.",HE HOPED THERE WOULD BE STEW FOR DINNER TURNIPS AND CARROTS AND BRUISED POTATOES AND FAT MUTTON PIECES TO BE LADLED OUT IN THICK PEPPERED FLOUR FATTENED SAUCE STUFF IT INTO YOU HIS BELLY COUNSELLED HIM AFTER EARLY NIGHTFALL THE YELLOW LAMPS WOULD LIGHT UP HERE AND THERE THE SQUALID QUARTER OF THE BROTHELS HELLO BERTIE ANY GOOD IN YOUR MIND NUMBER TEN FRESH NELLY IS WAITING ON YOU GOOD NIGHT HUSBAND THE MUSIC CAME NEARER AND HE RECALLED THE WORDS THE WORDS OF SHELLEY'S FRAGMENT UPON THE MOON WANDERING COMPANIONLESS PALE FOR WEARINESS THE DULL LIGHT FELL MORE FAINTLY UPON THE PAGE WHEREON ANOTHER EQUATION BEGAN TO UNFOLD ITSELF SLOWLY AND TO SPREAD ABROAD ITS WIDENING TAIL A COLD LUCID INDIFFERENCE REIGNED IN HIS SOUL THE CHAOS IN WHICH HIS ARDOUR EXTINGUISHED ITSELF WAS A COLD INDIFFERENT KNOWLEDGE OF HIMSELF,1050.4,0.0,103.0,52.2,0,0.0
gaussian_snr10,gaussian,10.0,,vad,small,0.0,0.0,0,0,0,0.1934,1.008,"Number 10, Fresh Nelly is waiting on you. Good night, husband.",NUMBER TEN FRESH NELLY IS WAITING ON YOU GOOD NIGHT HUSBAND,1054.0,0.0,106.1,55.8,0,0.0
gaussian_snr10,gaussian,10.0,,vad,medium,0.0213,0.0072,1,0,0,0.1045,2.11,"The music came nearer and he recalled the words, the words of Shelley's fragment upon the moon, wandering companionless pale for weariness. The dull light fell more faintly upon the page, whereon another equation began to unfold itself slowly and to spread abroad its widening tale.",THE MUSIC CAME NEARER AND HE RECALLED THE WORDS THE WORDS OF SHELLEY'S FRAGMENT UPON THE MOON WANDERING COMPANIONLESS PALE FOR WEARINESS THE DULL LIGHT FELL MORE FAINTLY UPON THE PAGE WHEREON ANOTHER EQUATION BEGAN TO UNFOLD ITSELF SLOWLY AND TO SPREAD ABROAD ITS WIDENING TAIL,1057.0,0.0,100.1,51.8,0,0.0
gaussian_snr10,gaussian,10.0,,vad,large,0.0141,0.0049,2,0,0,0.1117,6.636,"He hoped there would be stew for dinner, turnips and carrots and bruised potatoes and fat mutton pieces to be ladled out in thick, peppered, flour-fattened sauce, stuffed it into you. His belly counseled him. After early nightfall, the yellow lamps would light up here and there, the squalid quarter of the brothels. Hello, Bertie, any good in your mind? Number 10. Fresh Nelly is waiting on you. Good night, husband. The music came nearer, and he recalled the words, the words of Shelley's fragment upon the moon, wandering companionless, pale for weariness. The dull light fell more faintly upon the page, whereon another equation began to unfold itself slowly and to spread abroad its widening tale. A cold, lucid indifference reigned in his soul. The chaos in which his ardor extinguished itself was a cold, indifferent knowledge of himself.",HE HOPED THERE WOULD BE STEW FOR DINNER TURNIPS AND CARROTS AND BRUISED POTATOES AND FAT MUTTON PIECES TO BE LADLED OUT IN THICK PEPPERED FLOUR FATTENED SAUCE STUFF IT INTO YOU HIS BELLY COUNSELLED HIM AFTER EARLY NIGHTFALL THE YELLOW LAMPS WOULD LIGHT UP HERE AND THERE THE SQUALID QUARTER OF THE BROTHELS HELLO BERTIE ANY GOOD IN YOUR MIND NUMBER TEN FRESH NELLY IS WAITING ON YOU GOOD NIGHT HUSBAND THE MUSIC CAME NEARER AND HE RECALLED THE WORDS THE WORDS OF SHELLEY'S FRAGMENT UPON THE MOON WANDERING COMPANIONLESS PALE FOR WEARINESS THE DULL LIGHT FELL MORE FAINTLY UPON THE PAGE WHEREON ANOTHER EQUATION BEGAN TO UNFOLD ITSELF SLOWLY AND TO SPREAD ABROAD ITS WIDENING TAIL A COLD LUCID INDIFFERENCE REIGNED IN HIS SOUL THE CHAOS IN WHICH HIS ARDOUR EXTINGUISHED ITSELF WAS A COLD INDIFFERENT KNOWLEDGE OF HIMSELF,1106.1,0.0,106.2,52.2,0,0.0
gaussian_snr10,gaussian,10.0,,spectral,small,0.0,0.0,0,0,0,0.179,0.934,"Number 10. Fresh Nelly is waiting on you. Good night, husband.",NUMBER TEN FRESH NELLY IS WAITING ON YOU GOOD NIGHT HUSBAND,1111.6,0.0,106.7,56.7,0,0.0
gaussian_snr10,gaussian,10.0,,spectral,medium,0.1489,0.0683,4,1,2,0.1098,2.218,"The music came nearer, and he recalled the words, the words of Shelley's fragment upon the moon's wanderers and pantyless, pale forwearingness. The dull light fell more faintly upon the page, whereon another equation began to unfold itself slowly, and to spread abroad its widening chain.",THE MUSIC CAME NEARER AND HE RECALLED THE WORDS THE WORDS OF SHELLEY'S FRAGMENT UPON THE MOON WANDERING COMPANIONLESS PALE FOR WEARINESS THE DULL LIGHT FELL MORE FAINTLY UPON THE PAGE WHEREON ANOTHER EQUATION BEGAN TO UNFOLD ITSELF SLOWLY AND TO SPREAD ABROAD ITS WIDENING TAIL,1137.0,0.0,99.8,53.8,0,0.0
gaussian_snr10,gaussian,10.0,,spectral,large,0.0775,0.0465,8,1,2,0.1108,6.586,"He hoped there would be stew for dinner, turnips and carrots and bruised potatoes and fat muck pieces to be ladled out, thick peppered flour-fat sauce. Stuff it into you, and his belly counted him. After early nightfall the yellow lamps would light up here and there, the squalid quarter of the brothels. Hello, Bertie, any good in your mind? Number 10. Fresh Nelly is waiting on you. Good night, husband. The music came nearer and he recalled the words, the words of Shelly's fragment upon the news, wandering and paneless, pale for weariness. The dull light fell more faintly upon the page, whereon another equation began to unfold itself slowly and to spread abroad its widening shades. A cold, lucid indifference reigned in his soul. The chaos in which his ardor extinguished itself was a cold, different knowledge of himself.",HE HOPED THERE WOULD BE STEW FOR DINNER TURNIPS AND CARROTS AND BRUISED POTATOES AND FAT MUTTON PIECES TO BE LADLED OUT IN THICK PEPPERED FLOUR FATTENED SAUCE STUFF IT INTO YOU HIS BELLY COUNSELLED HIM AFTER EARLY NIGHTFALL THE YELLOW LAMPS WOULD LIGHT UP HERE AND THERE THE SQUALID QUARTER OF THE BROTHELS HELLO BERTIE ANY GOOD IN YOUR MIND NUMBER TEN FRESH NELLY IS WAITING ON YOU GOOD NIGHT HUSBAND THE MUSIC CAME NEARER AND HE RECALLED THE WORDS THE WORDS OF SHELLEY'S FRAGMENT UPON THE MOON WANDERING COMPANIONLESS PALE FOR WEARINESS THE DULL LIGHT FELL MORE FAINTLY UPON THE PAGE WHEREON ANOTHER EQUATION BEGAN TO UNFOLD ITSELF SLOWLY AND TO SPREAD ABROAD ITS WIDENING TAIL A COLD LUCID INDIFFERENCE REIGNED IN HIS SOUL THE CHAOS IN WHICH HIS ARDOUR EXTINGUISHED ITSELF WAS A COLD INDIFFERENT KNOWLEDGE OF HIMSELF,1148.2,0.0,102.0,49.9,0,0.0
gaussian_snr10,gaussian,10.0,,rms,small,0.0,0.0,0,0,0,0.2104,1.097,"Number 10. Fresh Nelly is waiting on you. Good night, husband.",NUMBER TEN FRESH NELLY IS WAITING ON YOU GOOD NIGHT HUSBAND,1149.7,0.0,107.6,60.7,0,0.0
gaussian_snr10,gaussian,10.0,,rms,medium,0.0213,0.0072,1,0,0,0.1009,2.038,"The music came nearer and he recalled the words, the words of Shelley's fragment upon the moon wandering companionless, pale for weariness. The dull light fell more faintly upon the page whereon another equation began to unfold itself slowly and to spread abroad its widening tale.",THE MUSIC CAME NEARER AND HE RECALLED THE WORDS THE WORDS OF SHELLEY'S FRAGMENT UPON THE MOON WANDERING COMPANIONLESS PALE FOR WEARINESS THE DULL LIGHT FELL MORE FAINTLY UPON THE PAGE WHEREON ANOTHER EQUATION BEGAN TO UNFOLD ITSELF SLOWLY AND TO SPREAD ABROAD ITS WIDENING TAIL,1157.7,0.0,108.3,56.1,0,0.0
gaussian_snr10,gaussian,10.0,,rms,large,0.0282,0.0073,3,1,0,0.1107,6.579,"He hoped there would be stew for dinner, turnips and carrots and bruised potatoes and fat mutton pieces to be ladled out in thick, peppered, flour-fattened sauce. Stuffed into you, his belly counseled him. After early nightfall the yellow lamps would light up here and there the squalid quarter of the brothels. Hello, Bertie, any good in your mind? Number 10. Fresh Nelly is waiting on you. Good night, husband. The music came nearer and he recalled the words, the words of Shelly's fragment upon the moon wandering companionless, pale for weariness. The dull light fell more faintly upon the page whereon another equation began to unfold itself slowly and to spread abroad its widening tale. A cold, lucid indifference reigned in his soul. The chaos in which his ardor extinguished itself was a cold indifferent knowledge of himself.",HE HOPED THERE WOULD BE STEW FOR DINNER TURNIPS AND CARROTS AND BRUISED POTATOES AND FAT MUTTON PIECES TO BE LADLED OUT IN THICK PEPPERED FLOUR FATTENED SAUCE STUFF IT INTO YOU HIS BELLY COUNSELLED HIM AFTER EARLY NIGHTFALL THE YELLOW LAMPS WOULD LIGHT UP HERE AND THERE THE SQUALID QUARTER OF THE BROTHELS HELLO BERTIE ANY GOOD IN YOUR MIND NUMBER TEN FRESH NELLY IS WAITING ON YOU GOOD NIGHT HUSBAND THE MUSIC CAME NEARER AND HE RECALLED THE WORDS THE WORDS OF SHELLEY'S FRAGMENT UPON THE MOON WANDERING COMPANIONLESS PALE FOR WEARINESS THE DULL LIGHT FELL MORE FAINTLY UPON THE PAGE WHEREON ANOTHER EQUATION BEGAN TO UNFOLD ITSELF SLOWLY AND TO SPREAD ABROAD ITS WIDENING TAIL A COLD LUCID INDIFFERENCE REIGNED IN HIS SOUL THE CHAOS IN WHICH HIS ARDOUR EXTINGUISHED ITSELF WAS A COLD INDIFFERENT KNOWLEDGE OF HIMSELF,1158.4,0.0,109.2,52.2,0,0.0
gaussian_snr20,gaussian,20.0,,baseline,small,0.0,0.0,0,0,0,0.1909,0.996,"Number 10. Fresh Nelly is waiting on you. Good night, husband.",NUMBER TEN FRESH NELLY IS WAITING ON YOU GOOD NIGHT HUSBAND,1158.5,0.0,108.1,60.3,0,0.0
gaussian_snr20,gaussian,20.0,,baseline,medium,0.0213,0.0072,1,0,0,0.1078,2.177,"The music came nearer, and he recalled the words, the words of Shelley's fragment upon the moon wandering companionless, pale for weariness. The dull light fell more faintly upon the page, whereon another equation began to unfold itself slowly, and to spread abroad its widening tale.",THE MUSIC CAME NEARER AND HE RECALLED THE WORDS THE WORDS OF SHELLEY'S FRAGMENT UPON THE MOON WANDERING COMPANIONLESS PALE FOR WEARINESS THE DULL LIGHT FELL MORE FAINTLY UPON THE PAGE WHEREON ANOTHER EQUATION BEGAN TO UNFOLD ITSELF SLOWLY AND TO SPREAD ABROAD ITS WIDENING TAIL,1155.0,0.0,109.2,54.5,0,0.0
gaussian_snr20,gaussian,20.0,,baseline,large,0.0211,0.0061,2,1,0,0.1104,6.56,"He hoped there would be stew for dinner, turnips and carrots and bruised potatoes and fat mutton pieces to be ladled out in thick, peppered, flour-fattened sauce. Stuffed into you, his belly counseled him. After early nightfall the yellow lamps would light up here and there the squalid quarter of the brothels. Hello, Bertie, any good in your mind? Number 10! Fresh Nelly is waiting on you! Good night, husband! The music came nearer and he recalled the words, the words of Shelley's fragment upon the moon wandering companionless, pale for weariness. The dull light fell more faintly upon the page whereon another equation began to unfold itself slowly and to spread abroad its widening tale. A cold, lucid indifference reigned in his soul. The chaos in which his ardour extinguished itself was a cold, indifferent knowledge of himself.",HE HOPED THERE WOULD BE STEW FOR DINNER TURNIPS AND CARROTS AND BRUISED POTATOES AND FAT MUTTON PIECES TO BE LADLED OUT IN THICK PEPPERED FLOUR FATTENED SAUCE STUFF IT INTO YOU HIS BELLY COUNSELLED HIM AFTER EARLY NIGHTFALL THE YELLOW LAMPS WOULD LIGHT UP HERE AND THERE THE SQUALID QUARTER OF THE BROTHELS HELLO BERTIE ANY GOOD IN YOUR MIND NUMBER TEN FRESH NELLY IS WAITING ON YOU GOOD NIGHT HUSBAND THE MUSIC CAME NEARER AND HE RECALLED THE WORDS THE WORDS OF SHELLEY'S FRAGMENT UPON THE MOON WANDERING COMPANIONLESS PALE FOR WEARINESS THE DULL LIGHT FELL MORE FAINTLY UPON THE PAGE WHEREON ANOTHER EQUATION BEGAN TO UNFOLD ITSELF SLOWLY AND TO SPREAD ABROAD ITS WIDENING TAIL A COLD LUCID INDIFFERENCE REIGNED IN HIS SOUL THE CHAOS IN WHICH HIS ARDOUR EXTINGUISHED ITSELF WAS A COLD INDIFFERENT KNOWLEDGE OF HIMSELF,1167.6,0.0,103.3,51.4,0,0.0
gaussian_snr20,gaussian,20.0,,vad,small,0.0,0.0,0,0,0,0.198,1.033,"Number 10. Fresh Nelly is waiting on you. Good night, husband.",NUMBER TEN FRESH NELLY IS WAITING ON YOU GOOD NIGHT HUSBAND,1168.3,0.0,106.9,58.3,0,0.0
gaussian_snr20,gaussian,20.0,,vad,medium,0.0213,0.0072,1,0,0,0.1067,2.155,"The music came nearer, and he recalled the words, the words of Shelley's fragment upon the moon, wandering companionless, pale for weariness. The dull light fell more faintly upon the page, whereon another equation began to unfold itself slowly and to spread abroad its widening tale.",THE MUSIC CAME NEARER AND HE RECALLED THE WORDS THE WORDS OF SHELLEY'S FRAGMENT UPON THE MOON WANDERING COMPANIONLESS PALE FOR WEARINESS THE DULL LIGHT FELL MORE FAINTLY UPON THE PAGE WHEREON ANOTHER EQUATION BEGAN TO UNFOLD ITSELF SLOWLY AND TO SPREAD ABROAD ITS WIDENING TAIL,1159.8,0.0,107.4,54.1,0,0.0
gaussian_snr20,gaussian,20.0,,vad,large,0.0141,0.011,1,1,0,0.1072,6.368,"He hoped there would be stew for dinner, turnips and carrots and bruised potatoes and fat mutton pieces to be ladled out in thick, peppered, flour-fattened sauce, stuff it into you. His belly counseled him. After early nightfall, the yellow lamps would light up here and there, the squalid quarter of the brothels. Hello, Bertie, any good in your mind? 10. Fresh Nelly is waiting on you. Good night, husband. The music came nearer, and he recalled the words. The words of Shelley's fragment upon the moon, wandering companionless, pale for weariness. The dull light fell more faintly upon the page, whereon another equation began to unfold itself slowly and to spread abroad its widening tale. A cold, lucid indifference reigned in his soul. The chaos in which his ardour extinguished itself was a cold, indifferent knowledge of himself.",HE HOPED THERE WOULD BE STEW FOR DINNER TURNIPS AND CARROTS AND BRUISED POTATOES AND FAT MUTTON PIECES TO BE LADLED OUT IN THICK PEPPERED FLOUR FATTENED SAUCE STUFF IT INTO YOU HIS BELLY COUNSELLED HIM AFTER EARLY NIGHTFALL THE YELLOW LAMPS WOULD LIGHT UP HERE AND THERE THE SQUALID QUARTER OF THE BROTHELS HELLO BERTIE ANY GOOD IN YOUR MIND NUMBER TEN FRESH NELLY IS WAITING ON YOU GOOD NIGHT HUSBAND THE MUSIC CAME NEARER AND HE RECALLED THE WORDS THE WORDS OF SHELLEY'S FRAGMENT UPON THE MOON WANDERING COMPANIONLESS PALE FOR WEARINESS THE DULL LIGHT FELL MORE FAINTLY UPON THE PAGE WHEREON ANOTHER EQUATION BEGAN TO UNFOLD ITSELF SLOWLY AND TO SPREAD ABROAD ITS WIDENING TAIL A COLD LUCID INDIFFERENCE REIGNED IN HIS SOUL THE CHAOS IN WHICH HIS ARDOUR EXTINGUISHED ITSELF WAS A COLD INDIFFERENT KNOWLEDGE OF HIMSELF,1173.9,0.0,108.1,52.3,0,0.0
gaussian_snr20,gaussian,20.0,,spectral,small,0.0,0.0,0,0,0,0.182,0.949,"Number 10. Fresh Nelly is waiting on you. Good night, husband.",NUMBER TEN FRESH NELLY IS WAITING ON YOU GOOD NIGHT HUSBAND,1174.8,0.0,107.6,55.4,0,0.0
gaussian_snr20,gaussian,20.0,,spectral,medium,0.0213,0.0108,1,0,0,0.1058,2.135,"The music came nearer and he recalled the words, the words of Shelley's fragment upon the moon wandering, companionless, pale for weariness. The dull light fell more faintly upon the page, whereon another equation began to unfold itself slowly and to spread abroad its widened tail.",THE MUSIC CAME NEARER AND HE RECALLED THE WORDS THE WORDS OF SHELLEY'S FRAGMENT UPON THE MOON WANDERING COMPANIONLESS PALE FOR WEARINESS THE DULL LIGHT FELL MORE FAINTLY UPON THE PAGE WHEREON ANOTHER EQUATION BEGAN TO UNFOLD ITSELF SLOWLY AND TO SPREAD ABROAD ITS WIDENING TAIL,1194.4,0.0,99.6,52.7,0,0.0
gaussian_snr20,gaussian,20.0,,spectral,large,0.0423,0.0208,5,1,0,0.1113,6.616,"He hoped there would be stew for dinner, turnips and carrots and bruised potatoes and fat mutton pieces to be ladled out, thick peppered, flour-fat sauce. Stuff it into you, his belly counted him. After early nightfall the yellow lamps would light up here and there the squalid quarter of the brothels. Hello, Bertie, any good in your mind? Number 10. Fresh Nelly is waiting on you. Good night, husband. The music came nearer and he recalled the words, the words of Shelly's fragment upon the moon wandering, companionless, pale for weariness. The dull light fell more faintly upon the page whereon another equation began to unfold itself slowly and to spread abroad its widening chain. A cold, lucid indifference reigned in his soul. The chaos in which his ardor extinguished itself was a cold, indifferent knowledge of itself.",HE HOPED THERE WOULD BE STEW FOR DINNER TURNIPS AND CARROTS AND BRUISED POTATOES AND FAT MUTTON PIECES TO BE LADLED OUT IN THICK PEPPERED FLOUR FATTENED SAUCE STUFF IT INTO YOU HIS BELLY COUNSELLED HIM AFTER EARLY NIGHTFALL THE YELLOW LAMPS WOULD LIGHT UP HERE AND THERE THE SQUALID QUARTER OF THE BROTHELS HELLO BERTIE ANY GOOD IN YOUR MIND NUMBER TEN FRESH NELLY IS WAITING ON YOU GOOD NIGHT HUSBAND THE MUSIC CAME NEARER AND HE RECALLED THE WORDS THE WORDS OF SHELLEY'S FRAGMENT UPON THE MOON WANDERING COMPANIONLESS PALE FOR WEARINESS THE DULL LIGHT FELL MORE FAINTLY UPON THE PAGE WHEREON ANOTHER EQUATION BEGAN TO UNFOLD ITSELF SLOWLY AND TO SPREAD ABROAD ITS WIDENING TAIL A COLD LUCID INDIFFERENCE REIGNED IN HIS SOUL THE CHAOS IN WHICH HIS ARDOUR EXTINGUISHED ITSELF WAS A COLD INDIFFERENT KNOWLEDGE OF HIMSELF,1223.7,0.0,99.0,51.9,0,0.0
gaussian_snr20,gaussian,20.0,,rms,small,0.0,0.0,0,0,0,0.1949,1.017,"Number 10. Fresh Nelly is waiting on you. Good night, husband.",NUMBER TEN FRESH NELLY IS WAITING ON YOU GOOD NIGHT HUSBAND,1224.6,0.0,105.1,60.8,0,0.0
gaussian_snr20,gaussian,20.0,,rms,medium,0.0213,0.0072,1,0,0,0.1099,2.219,"The music came nearer, and he recalled the words, the words of Shelley's fragment upon the moon wandering companionless, pale for weariness. The dull light fell more faintly upon the page, whereon another equation began to unfold itself slowly and to spread abroad its widening tale.",THE MUSIC CAME NEARER AND HE RECALLED THE WORDS THE WORDS OF SHELLEY'S FRAGMENT UPON THE MOON WANDERING COMPANIONLESS PALE FOR WEARINESS THE DULL LIGHT FELL MORE FAINTLY UPON THE PAGE WHEREON ANOTHER EQUATION BEGAN TO UNFOLD ITSELF SLOWLY AND TO SPREAD ABROAD ITS WIDENING TAIL,1204.9,0.0,110.6,55.6,0,0.0
gaussian_snr20,gaussian,20.0,,rms,large,0.0282,0.0073,3,1,0,0.1115,6.623,"He hoped there would be stew for dinner, turnips and carrots and bruised potatoes and fat mutton pieces to be ladled out in thick, peppered, flour-fattened sauce. Stuffed into you, his belly counseled him. After early nightfall the yellow lamps would light up here and there the squalid quarter of the brothels. Hello, Bertie, any good in your mind? Number 10! Fresh Nelly is waiting on you! Good night, husband! The music came nearer and he recalled the words, the words of Shelly's fragment upon the moon wandering companionless, pale for weariness. The dull light fell more faintly upon the page whereon another equation began to unfold itself slowly and to spread abroad its widening tale. A cold, lucid indifference reigned in his soul. The chaos in which his ardour extinguished itself was a cold, indifferent knowledge of himself.",HE HOPED THERE WOULD BE STEW FOR DINNER TURNIPS AND CARROTS AND BRUISED POTATOES AND FAT MUTTON PIECES TO BE LADLED OUT IN THICK PEPPERED FLOUR FATTENED SAUCE STUFF IT INTO YOU HIS BELLY COUNSELLED HIM AFTER EARLY NIGHTFALL THE YELLOW LAMPS WOULD LIGHT UP HERE AND THERE THE SQUALID QUARTER OF THE BROTHELS HELLO BERTIE ANY GOOD IN YOUR MIND NUMBER TEN FRESH NELLY IS WAITING ON YOU GOOD NIGHT HUSBAND THE MUSIC CAME NEARER AND HE RECALLED THE WORDS THE WORDS OF SHELLEY'S FRAGMENT UPON THE MOON WANDERING COMPANIONLESS PALE FOR WEARINESS THE DULL LIGHT FELL MORE FAINTLY UPON THE PAGE WHEREON ANOTHER EQUATION BEGAN TO UNFOLD ITSELF SLOWLY AND TO SPREAD ABROAD ITS WIDENING TAIL A COLD LUCID INDIFFERENCE REIGNED IN HIS SOUL THE CHAOS IN WHICH HIS ARDOUR EXTINGUISHED ITSELF WAS A COLD INDIFFERENT KNOWLEDGE OF HIMSELF,1218.1,0.0,100.4,52.4,0,0.0
gaussian_snr40,gaussian,40.0,,baseline,small,0.0,0.0,0,0,0,0.193,1.006,"Number 10. Fresh Nelly is waiting on you. Good night, husband.",NUMBER TEN FRESH NELLY IS WAITING ON YOU GOOD NIGHT HUSBAND,1221.7,0.0,105.0,58.8,0,0.0
gaussian_snr40,gaussian,40.0,,baseline,medium,0.0213,0.0072,1,0,0,0.1077,2.175,"The music came nearer, and he recalled the words, the words of Shelley's fragment upon the moon, wandering companionless, pale for weariness. The dull light fell more faintly upon the page, whereon another equation began to unfold itself slowly, and to spread abroad its widening tale.",THE MUSIC CAME NEARER AND HE RECALLED THE WORDS THE WORDS OF SHELLEY'S FRAGMENT UPON THE MOON WANDERING COMPANIONLESS PALE FOR WEARINESS THE DULL LIGHT FELL MORE FAINTLY UPON THE PAGE WHEREON ANOTHER EQUATION BEGAN TO UNFOLD ITSELF SLOWLY AND TO SPREAD ABROAD ITS WIDENING TAIL,1227.9,0.0,108.1,55.0,0,0.0
gaussian_snr40,gaussian,40.0,,baseline,large,0.0282,0.0073,3,1,0,0.1116,6.632,"He hoped there would be stew for dinner, turnips and carrots and bruised potatoes and fat mutton pieces to be ladled out in thick, peppered, flour-fattened sauce. Stuffed into you, his belly counseled him. After early nightfall the yellow lamps would light up here and there the squalid quarter of the brothels. Hello, Bertie! Any good in your mind? Number 10! Fresh Nelly is waiting on you! Good night, husband! The music came nearer and he recalled the words, the words of Shelly's fragment upon the moon wandering companionless, pale for weariness. The dull light fell more faintly upon the page whereon another equation began to unfold itself slowly and to spread abroad its widening tale. A cold, lucid indifference reigned in his soul. The chaos in which his ardour extinguished itself was a cold, indifferent knowledge of himself.",HE HOPED THERE WOULD BE STEW FOR DINNER TURNIPS AND CARROTS AND BRUISED POTATOES AND FAT MUTTON PIECES TO BE LADLED OUT IN THICK PEPPERED FLOUR FATTENED SAUCE STUFF IT INTO YOU HIS BELLY COUNSELLED HIM AFTER EARLY NIGHTFALL THE YELLOW LAMPS WOULD LIGHT UP HERE AND THERE THE SQUALID QUARTER OF THE BROTHELS HELLO BERTIE ANY GOOD IN YOUR MIND NUMBER TEN FRESH NELLY IS WAITING ON YOU GOOD NIGHT HUSBAND THE MUSIC CAME NEARER AND HE RECALLED THE WORDS THE WORDS OF SHELLEY'S FRAGMENT UPON THE MOON WANDERING COMPANIONLESS PALE FOR WEARINESS THE DULL LIGHT FELL MORE FAINTLY UPON THE PAGE WHEREON ANOTHER EQUATION BEGAN TO UNFOLD ITSELF SLOWLY AND TO SPREAD ABROAD ITS WIDENING TAIL A COLD LUCID INDIFFERENCE REIGNED IN HIS SOUL THE CHAOS IN WHICH HIS ARDOUR EXTINGUISHED ITSELF WAS A COLD INDIFFERENT KNOWLEDGE OF HIMSELF,1236.0,0.0,71.7,51.0,0,0.0
gaussian_snr40,gaussian,40.0,,vad,small,0.0,0.0,0,0,0,0.1938,1.011,"Number 10. Fresh Nelly is waiting on you. Good night, husband.",NUMBER TEN FRESH NELLY IS WAITING ON YOU GOOD NIGHT HUSBAND,1237.1,0.0,110.6,60.7,0,0.0
gaussian_snr40,gaussian,40.0,,vad,medium,0.0,0.0,0,0,0,0.1129,2.28,"The music came nearer, and he recalled the words, the words of Shelley's fragment upon the moon, wandering companionless, pale for weariness. The dull light fell more faintly upon the page, whereon another equation began to unfold itself slowly, and to spread abroad its widening tail.",THE MUSIC CAME NEARER AND HE RECALLED THE WORDS THE WORDS OF SHELLEY'S FRAGMENT UPON THE MOON WANDERING COMPANIONLESS PALE FOR WEARINESS THE DULL LIGHT FELL MORE FAINTLY UPON THE PAGE WHEREON ANOTHER EQUATION BEGAN TO UNFOLD ITSELF SLOWLY AND TO SPREAD ABROAD ITS WIDENING TAIL,1237.2,0.0,107.9,54.3,0,0.0
gaussian_snr40,gaussian,40.0,,vad,large,0.0211,0.0135,2,1,0,0.1059,6.295,"He hoped there would be stew for dinner, turnips and carrots and bruised potatoes and fat mutton pieces to be ladled out in thick, peppered, flour-fattened sauce, stuffed it into you, his belly counseled him. After early nightfall the yellow lamps would light up here and there the squalid quarter of the brothels. Hello, Bertie, any good in your mind? 10. Fresh Nelly is waiting on you. Good night, husband. The music came nearer, and he recalled the words, the words of Shelley's fragment upon the moon wandering companionless, pale for weariness. The dull light fell more faintly upon the page, whereon another equation began to unfold itself slowly and to spread abroad its widening tale. A cold, lucid indifference reigned in his soul. The chaos in which his ardour extinguished itself was a cold, indifferent knowledge of himself.",HE HOPED THERE WOULD BE STEW FOR DINNER TURNIPS AND CARROTS AND BRUISED POTATOES AND FAT MUTTON PIECES TO BE LADLED OUT IN THICK PEPPERED FLOUR FATTENED SAUCE STUFF IT INTO YOU HIS BELLY COUNSELLED HIM AFTER EARLY NIGHTFALL THE YELLOW LAMPS WOULD LIGHT UP HERE AND THERE THE SQUALID QUARTER OF THE BROTHELS HELLO BERTIE ANY GOOD IN YOUR MIND NUMBER TEN FRESH NELLY IS WAITING ON YOU GOOD NIGHT HUSBAND THE MUSIC CAME NEARER AND HE RECALLED THE WORDS THE WORDS OF SHELLEY'S FRAGMENT UPON THE MOON WANDERING COMPANIONLESS PALE FOR WEARINESS THE DULL LIGHT FELL MORE FAINTLY UPON THE PAGE WHEREON ANOTHER EQUATION BEGAN TO UNFOLD ITSELF SLOWLY AND TO SPREAD ABROAD ITS WIDENING TAIL A COLD LUCID INDIFFERENCE REIGNED IN HIS SOUL THE CHAOS IN WHICH HIS ARDOUR EXTINGUISHED ITSELF WAS A COLD INDIFFERENT KNOWLEDGE OF HIMSELF,1244.6,0.0,100.7,52.7,0,0.0
gaussian_snr40,gaussian,40.0,,spectral,small,0.0,0.0,0,0,0,0.1786,0.931,Number 10. Fresh Nelly is waiting on you. Good night husband.,NUMBER TEN FRESH NELLY IS WAITING ON YOU GOOD NIGHT HUSBAND,1245.8,0.0,101.7,55.9,0,0.0
gaussian_snr40,gaussian,40.0,,spectral,medium,0.1064,0.0504,3,1,1,0.1092,2.204,"The music came nearer and he recalled the words, the words of Shelley's fragment upon the moon wandering in panaceous pale forwearingness. The dull light fell more faintly upon the page whereon another equation began to unfold itself slowly and to spread abroad its widening tale.",THE MUSIC CAME NEARER AND HE RECALLED THE WORDS THE WORDS OF SHELLEY'S FRAGMENT UPON THE MOON WANDERING COMPANIONLESS PALE FOR WEARINESS THE DULL LIGHT FELL MORE FAINTLY UPON THE PAGE WHEREON ANOTHER EQUATION BEGAN TO UNFOLD ITSELF SLOWLY AND TO SPREAD ABROAD ITS WIDENING TAIL,1256.9,0.0,99.5,53.4,0,0.0
gaussian_snr40,gaussian,40.0,,spectral,large,0.0845,0.0416,6,1,5,0.1159,6.885,"He hoped there would be stew for dinner, turnips and carrots and bruised potatoes and fat mutton-pieces to be ladled out in thick, peppered, flour-fattened sauce. Stuff it into you, and his belly counts in him. After early nightfall the yellow lamps would light up here and there in the squalid quarter of the brothels. Hello, Bertie, any good in your mind? Number 10. Fresh Nelly is waiting on you. Good night, husband. The music came nearer and he recalled the words, the words of Shelley's fragment upon the moon wandering in a panaceous pale forwearingness. The dull light fell more faintly upon the page whereon another equation began to unfold itself slowly and to spread abroad its widening tone. A cold, lucid indifference grained in his soul. The chaos in which his ardor extinguished itself was a cold, indifferent knowledge of itself.",HE HOPED THERE WOULD BE STEW FOR DINNER TURNIPS AND CARROTS AND BRUISED POTATOES AND FAT MUTTON PIECES TO BE LADLED OUT IN THICK PEPPERED FLOUR FATTENED SAUCE STUFF IT INTO YOU HIS BELLY COUNSELLED HIM AFTER EARLY NIGHTFALL THE YELLOW LAMPS WOULD LIGHT UP HERE AND THERE THE SQUALID QUARTER OF THE BROTHELS HELLO BERTIE ANY GOOD IN YOUR MIND NUMBER TEN FRESH NELLY IS WAITING ON YOU GOOD NIGHT HUSBAND THE MUSIC CAME NEARER AND HE RECALLED THE WORDS THE WORDS OF SHELLEY'S FRAGMENT UPON THE MOON WANDERING COMPANIONLESS PALE FOR WEARINESS THE DULL LIGHT FELL MORE FAINTLY UPON THE PAGE WHEREON ANOTHER EQUATION BEGAN TO UNFOLD ITSELF SLOWLY AND TO SPREAD ABROAD ITS WIDENING TAIL A COLD LUCID INDIFFERENCE REIGNED IN HIS SOUL THE CHAOS IN WHICH HIS ARDOUR EXTINGUISHED ITSELF WAS A COLD INDIFFERENT KNOWLEDGE OF HIMSELF,1270.4,0.0,106.5,53.0,0,0.0
gaussian_snr40,gaussian,40.0,,rms,small,0.0,0.0,0,0,0,0.1962,1.023,"Number 10. Fresh Nelly is waiting on you. Good night, husband.",NUMBER TEN FRESH NELLY IS WAITING ON YOU GOOD NIGHT HUSBAND,1273.0,0.0,107.4,61.5,0,0.0
gaussian_snr40,gaussian,40.0,,rms,medium,0.0213,0.0072,1,0,0,0.116,2.341,"The music came nearer, and he recalled the words, the words of Shelley's fragment upon the moon, wandering companionless, pale for weariness. The dull light fell more faintly upon the page, whereon another equation began to unfold itself slowly, and to spread abroad its widening tale.",THE MUSIC CAME NEARER AND HE RECALLED THE WORDS THE WORDS OF SHELLEY'S FRAGMENT UPON THE MOON WANDERING COMPANIONLESS PALE FOR WEARINESS THE DULL LIGHT FELL MORE FAINTLY UPON THE PAGE WHEREON ANOTHER EQUATION BEGAN TO UNFOLD ITSELF SLOWLY AND TO SPREAD ABROAD ITS WIDENING TAIL,1273.3,0.0,106.9,56.1,0,0.0
gaussian_snr40,gaussian,40.0,,rms,large,0.0282,0.0073,3,1,0,0.1159,6.887,"He hoped there would be stew for dinner, turnips and carrots and bruised potatoes and fat mutton pieces to be ladled out in thick, peppered, flour-fattened sauce. Stuffed into you, his belly counseled him. After early nightfall the yellow lamps would light up here and there the squalid quarter of the brothels. Hello, Bertie! Any good in your mind? Number 10! Fresh Nelly is waiting on you! Good night, husband! The music came nearer and he recalled the words, the words of Shelly's fragment upon the moon wandering companionless, pale for weariness. The dull light fell more faintly upon the page, whereon another equation began to unfold itself slowly and to spread abroad its widening tale. A cold, lucid indifference reigned in his soul. The chaos in which his ardour extinguished itself was a cold, indifferent knowledge of himself.",HE HOPED THERE WOULD BE STEW FOR DINNER TURNIPS AND CARROTS AND BRUISED POTATOES AND FAT MUTTON PIECES TO BE LADLED OUT IN THICK PEPPERED FLOUR FATTENED SAUCE STUFF IT INTO YOU HIS BELLY COUNSELLED HIM AFTER EARLY NIGHTFALL THE YELLOW LAMPS WOULD LIGHT UP HERE AND THERE THE SQUALID QUARTER OF THE BROTHELS HELLO BERTIE ANY GOOD IN YOUR MIND NUMBER TEN FRESH NELLY IS WAITING ON YOU GOOD NIGHT HUSBAND THE MUSIC CAME NEARER AND HE RECALLED THE WORDS THE WORDS OF SHELLEY'S FRAGMENT UPON THE MOON WANDERING COMPANIONLESS PALE FOR WEARINESS THE DULL LIGHT FELL MORE FAINTLY UPON THE PAGE WHEREON ANOTHER EQUATION BEGAN TO UNFOLD ITSELF SLOWLY AND TO SPREAD ABROAD ITS WIDENING TAIL A COLD LUCID INDIFFERENCE REIGNED IN HIS SOUL THE CHAOS IN WHICH HIS ARDOUR EXTINGUISHED ITSELF WAS A COLD INDIFFERENT KNOWLEDGE OF HIMSELF,1281.8,0.0,107.7,53.1,0,0.0
rir_rt60_0.2,rir,,0.2,baseline,small,0.0,0.0,0,0,0,0.1777,0.927,"Number 10, Fresh Nelly is waiting on you. Good night, husband.",NUMBER TEN FRESH NELLY IS WAITING ON YOU GOOD NIGHT HUSBAND,1308.4,0.0,102.0,59.4,0,0.0
rir_rt60_0.2,rir,,0.2,baseline,medium,0.0213,0.0072,1,0,0,0.1148,2.319,"The music came nearer, and he recalled the words, the words of Shelley's fragment upon the moon, wandering companionless, pale for weariness. The dull light fell more faintly upon the page, whereon another equation began to unfold itself slowly, and to spread abroad its widening tale.",THE MUSIC CAME NEARER AND HE RECALLED THE WORDS THE WORDS OF SHELLEY'S FRAGMENT UPON THE MOON WANDERING COMPANIONLESS PALE FOR WEARINESS THE DULL LIGHT FELL MORE FAINTLY UPON THE PAGE WHEREON ANOTHER EQUATION BEGAN TO UNFOLD ITSELF SLOWLY AND TO SPREAD ABROAD ITS WIDENING TAIL,1300.3,0.0,107.7,54.9,0,0.0
rir_rt60_0.2,rir,,0.2,baseline,large,0.0211,0.0061,2,1,0,0.1134,6.738,"He hoped there would be stew for dinner, turnips and carrots and bruised potatoes and fat mutton pieces to be ladled out in thick, peppered, flour-fattened sauce. Stuffed into you, his belly counseled him. After early nightfall the yellow lamps would light up here and there the squalid quarter of the brothels. Hello, Bertie, any good in your mind? Number 10 Fresh Nelly is waiting on you. Good night, husband. The music came nearer and he recalled the words, the words of Shelley's fragment upon the moon wandering companionless, pale for weariness. The dull light fell more faintly upon the page whereon another equation began to unfold itself slowly and to spread abroad its widening tale. A cold, lucid indifference reigned in his soul. The chaos in which his ardour extinguished itself was a cold indifferent knowledge of himself.",HE HOPED THERE WOULD BE STEW FOR DINNER TURNIPS AND CARROTS AND BRUISED POTATOES AND FAT MUTTON PIECES TO BE LADLED OUT IN THICK PEPPERED FLOUR FATTENED SAUCE STUFF IT INTO YOU HIS BELLY COUNSELLED HIM AFTER EARLY NIGHTFALL THE YELLOW LAMPS WOULD LIGHT UP HERE AND THERE THE SQUALID QUARTER OF THE BROTHELS HELLO BERTIE ANY GOOD IN YOUR MIND NUMBER TEN FRESH NELLY IS WAITING ON YOU GOOD NIGHT HUSBAND THE MUSIC CAME NEARER AND HE RECALLED THE WORDS THE WORDS OF SHELLEY'S FRAGMENT UPON THE MOON WANDERING COMPANIONLESS PALE FOR WEARINESS THE DULL LIGHT FELL MORE FAINTLY UPON THE PAGE WHEREON ANOTHER EQUATION BEGAN TO UNFOLD ITSELF SLOWLY AND TO SPREAD ABROAD ITS WIDENING TAIL A COLD LUCID INDIFFERENCE REIGNED IN HIS SOUL THE CHAOS IN WHICH HIS ARDOUR EXTINGUISHED ITSELF WAS A COLD INDIFFERENT KNOWLEDGE OF HIMSELF,1298.4,0.0,104.6,53.1,0,0.0
rir_rt60_0.2,rir,,0.2,vad,small,0.0,0.0,0,0,0,0.1772,0.924,"Number 10, Fresh Nelly is waiting on you. Good night, husband.",NUMBER TEN FRESH NELLY IS WAITING ON YOU GOOD NIGHT HUSBAND,1304.3,0.0,104.2,60.3,0,0.0
rir_rt60_0.2,rir,,0.2,vad,medium,0.0213,0.0072,1,0,0,0.1103,2.226,"The music came nearer and he recalled the words, the words of Shelley's fragment upon the moon, wandering companionless, pale for weariness. The dull light fell more faintly upon the page, whereon another equation began to unfold itself slowly and to spread abroad its widening tale.",THE MUSIC CAME NEARER AND HE RECALLED THE WORDS THE WORDS OF SHELLEY'S FRAGMENT UPON THE MOON WANDERING COMPANIONLESS PALE FOR WEARINESS THE DULL LIGHT FELL MORE FAINTLY UPON THE PAGE WHEREON ANOTHER EQUATION BEGAN TO UNFOLD ITSELF SLOWLY AND TO SPREAD ABROAD ITS WIDENING TAIL,1231.7,0.0,99.6,53.6,0,0.0
rir_rt60_0.2,rir,,0.2,vad,large,0.0141,0.0049,2,0,0,0.1102,6.548,"He hoped there would be stew for dinner, turnips and carrots and bruised potatoes and fat mutton pieces to be ladled out in thick, peppered, flour-fattened sauce, stuffed it into you, his belly counseled him. After early nightfall the yellow lamps would light up here and there the squalid quarter of the brothels. Hello, Bertie, any good in your mind? Number 10. Fresh Nelly is waiting on you. Good night, husband. The music came nearer and he recalled the words, the words of Shelley's fragment upon the moon wandering companionless, pale for weariness. The dull light fell more faintly upon the page, whereon another equation began to unfold itself slowly and to spread abroad its widening tale. A cold, lucid indifference reigned in his soul. The chaos in which his ardour extinguished itself was a cold, indifferent knowledge of himself.",HE HOPED THERE WOULD BE STEW FOR DINNER TURNIPS AND CARROTS AND BRUISED POTATOES AND FAT MUTTON PIECES TO BE LADLED OUT IN THICK PEPPERED FLOUR FATTENED SAUCE STUFF IT INTO YOU HIS BELLY COUNSELLED HIM AFTER EARLY NIGHTFALL THE YELLOW LAMPS WOULD LIGHT UP HERE AND THERE THE SQUALID QUARTER OF THE BROTHELS HELLO BERTIE ANY GOOD IN YOUR MIND NUMBER TEN FRESH NELLY IS WAITING ON YOU GOOD NIGHT HUSBAND THE MUSIC CAME NEARER AND HE RECALLED THE WORDS THE WORDS OF SHELLEY'S FRAGMENT UPON THE MOON WANDERING COMPANIONLESS PALE FOR WEARINESS THE DULL LIGHT FELL MORE FAINTLY UPON THE PAGE WHEREON ANOTHER EQUATION BEGAN TO UNFOLD ITSELF SLOWLY AND TO SPREAD ABROAD ITS WIDENING TAIL A COLD LUCID INDIFFERENCE REIGNED IN HIS SOUL THE CHAOS IN WHICH HIS ARDOUR EXTINGUISHED ITSELF WAS A COLD INDIFFERENT KNOWLEDGE OF HIMSELF,1270.7,0.0,109.3,53.4,0,0.0
rir_rt60_0.2,rir,,0.2,spectral,small,0.0909,0.0345,1,0,0,0.1941,1.012,"Number 10, fresh Nellie is waiting on you. Good night, husband.",NUMBER TEN FRESH NELLY IS WAITING ON YOU GOOD NIGHT HUSBAND,1282.9,0.0,111.2,58.5,0,0.0
rir_rt60_0.2,rir,,0.2,spectral,medium,0.1277,0.0647,5,1,0,0.1065,2.151,"The music came nearer and he recalled the words, the words of Shelley's fragment upon the wandering, hand-less, pale forwearingness. The dull light fell more faintly upon the page, whereon another equation began to unfold itself slowly and to spread abroad its widening tone.",THE MUSIC CAME NEARER AND HE RECALLED THE WORDS THE WORDS OF SHELLEY'S FRAGMENT UPON THE MOON WANDERING COMPANIONLESS PALE FOR WEARINESS THE DULL LIGHT FELL MORE FAINTLY UPON THE PAGE WHEREON ANOTHER EQUATION BEGAN TO UNFOLD ITSELF SLOWLY AND TO SPREAD ABROAD ITS WIDENING TAIL,1317.6,0.0,98.8,55.4,0,0.0
rir_rt60_0.2,rir,,0.2,spectral,large,0.1338,0.0796,16,0,3,0.1148,6.821,"He hoped there would be stew for dinner, turnips and carrots and bruised potatoes and fat mutton pieces to be ladled out in thick, peppery, flower-fattened sauce. Stuff it into you, and his belly counts in him. After early nightfall the yellow lamps would light up here and there in the swallowed quarter of the brothels. Hello, Bertie, any good in your mind? Number 10. Fresh Nelly is waiting on you. Good night, husband. The music came nearer and he recalled the words, the words of Shelley's frightened husband wandering in a panoramic pale for weariness. The dull light fell more faintly upon the page whereon another equation began to unfold itself slowly and to spread abroad its widening chain. A cold, lucid indifference rang in his soul. The chaos in which his ardor extinguished itself is a cool, different knowledge of itself.",HE HOPED THERE WOULD BE STEW FOR DINNER TURNIPS AND CARROTS AND BRUISED POTATOES AND FAT MUTTON PIECES TO BE LADLED OUT IN THICK PEPPERED FLOUR FATTENED SAUCE STUFF IT INTO YOU HIS BELLY COUNSELLED HIM AFTER EARLY NIGHTFALL THE YELLOW LAMPS WOULD LIGHT UP HERE AND THERE THE SQUALID QUARTER OF THE BROTHELS HELLO BERTIE ANY GOOD IN YOUR MIND NUMBER TEN FRESH NELLY IS WAITING ON YOU GOOD NIGHT HUSBAND THE MUSIC CAME NEARER AND HE RECALLED THE WORDS THE WORDS OF SHELLEY'S FRAGMENT UPON THE MOON WANDERING COMPANIONLESS PALE FOR WEARINESS THE DULL LIGHT FELL MORE FAINTLY UPON THE PAGE WHEREON ANOTHER EQUATION BEGAN TO UNFOLD ITSELF SLOWLY AND TO SPREAD ABROAD ITS WIDENING TAIL A COLD LUCID INDIFFERENCE REIGNED IN HIS SOUL THE CHAOS IN WHICH HIS ARDOUR EXTINGUISHED ITSELF WAS A COLD INDIFFERENT KNOWLEDGE OF HIMSELF,1313.0,0.0,100.5,53.4,0,0.0
rir_rt60_0.2,rir,,0.2,rms,small,0.0,0.0,0,0,0,0.1841,0.96,"Number 10, Fresh Nelly is waiting on you. Good night, husband.",NUMBER TEN FRESH NELLY IS WAITING ON YOU GOOD NIGHT HUSBAND,1286.9,0.0,109.2,63.4,0,0.0
rir_rt60_0.2,rir,,0.2,rms,medium,0.0213,0.0072,1,0,0,0.1147,2.315,"The music came nearer, and he recalled the words, the words of Shelley's fragment upon the moon, wandering companionless, pale for weariness. The dull light fell more faintly upon the page, whereon another equation began to unfold itself slowly, and to spread abroad its widening tale.",THE MUSIC CAME NEARER AND HE RECALLED THE WORDS THE WORDS OF SHELLEY'S FRAGMENT UPON THE MOON WANDERING COMPANIONLESS PALE FOR WEARINESS THE DULL LIGHT FELL MORE FAINTLY UPON THE PAGE WHEREON ANOTHER EQUATION BEGAN TO UNFOLD ITSELF SLOWLY AND TO SPREAD ABROAD ITS WIDENING TAIL,1233.2,0.0,107.3,55.4,0,0.0
rir_rt60_0.2,rir,,0.2,rms,large,0.0211,0.0061,2,1,0,0.1221,7.256,"He hoped there would be stew for dinner, turnips and carrots and bruised potatoes and fat mutton pieces to be ladled out in thick, peppered, flour-fattened sauce. Stuffed into you, his belly counseled him. After early nightfall the yellow lamps would light up here and there the squalid quarter of the brothels. Hello, Bertie, any good in your mind? Number 10! Fresh Nelly is waiting on you! Good night, husband! The music came nearer and he recalled the words, the words of Shelley's fragment upon the moon wandering companionless, pale for weariness. The dull light fell more faintly upon the page, whereon another equation began to unfold itself slowly and to spread abroad its widening tale. A cold, lucid indifference reigned in his soul. The chaos in which his ardour extinguished itself was a cold indifferent knowledge of himself.",HE HOPED THERE WOULD BE STEW FOR DINNER TURNIPS AND CARROTS AND BRUISED POTATOES AND FAT MUTTON PIECES TO BE LADLED OUT IN THICK PEPPERED FLOUR FATTENED SAUCE STUFF IT INTO YOU HIS BELLY COUNSELLED HIM AFTER EARLY NIGHTFALL THE YELLOW LAMPS WOULD LIGHT UP HERE AND THERE THE SQUALID QUARTER OF THE BROTHELS HELLO BERTIE ANY GOOD IN YOUR MIND NUMBER TEN FRESH NELLY IS WAITING ON YOU GOOD NIGHT HUSBAND THE MUSIC CAME NEARER AND HE RECALLED THE WORDS THE WORDS OF SHELLEY'S FRAGMENT UPON THE MOON WANDERING COMPANIONLESS PALE FOR WEARINESS THE DULL LIGHT FELL MORE FAINTLY UPON THE PAGE WHEREON ANOTHER EQUATION BEGAN TO UNFOLD ITSELF SLOWLY AND TO SPREAD ABROAD ITS WIDENING TAIL A COLD LUCID INDIFFERENCE REIGNED IN HIS SOUL THE CHAOS IN WHICH HIS ARDOUR EXTINGUISHED ITSELF WAS A COLD INDIFFERENT KNOWLEDGE OF HIMSELF,1231.3,0.0,107.2,54.6,0,0.0
rir_rt60_0.5,rir,,0.5,baseline,small,0.0,0.0,0,0,0,0.2097,1.093,"Number 10, fresh Nelly is waiting on you. Good night, husband.",NUMBER TEN FRESH NELLY IS WAITING ON YOU GOOD NIGHT HUSBAND,1255.9,0.0,104.5,64.0,0,0.0
rir_rt60_0.5,rir,,0.5,baseline,medium,0.0213,0.0072,1,0,0,0.1235,2.493,"The music came nearer and he recalled the words, the words of Shelley's fragment upon the moon wandering companionless pale for weariness. The dull light fell more faintly upon the page, whereon another equation began to unfold itself slowly and to spread abroad its widening tale.",THE MUSIC CAME NEARER AND HE RECALLED THE WORDS THE WORDS OF SHELLEY'S FRAGMENT UPON THE MOON WANDERING COMPANIONLESS PALE FOR WEARINESS THE DULL LIGHT FELL MORE FAINTLY UPON THE PAGE WHEREON ANOTHER EQUATION BEGAN TO UNFOLD ITSELF SLOWLY AND TO SPREAD ABROAD ITS WIDENING TAIL,976.5,0.0,108.7,54.5,0,0.0
rir_rt60_0.5,rir,,0.5,baseline,large,0.0141,0.0037,2,0,0,0.1301,7.73,"He hoped there would be stew for dinner, turnips and carrots and bruised potatoes and fat mutton pieces to be ladled out in thick, peppered, flour-fattened sauce. Stuff it into you, his belly counseled him. After early nightfall the yellow lamps would light up here and there the squalid quarter of the brothels. Hello, Bertie, any good in your mind? Number ten! Fresh Nelly is waiting on you. Good night, husband. The music came nearer and he recalled the words, the words of Shelly's fragment upon the moon wandering companionless, pale for weariness. The dull light fell more faintly upon the page, whereon another equation began to unfold itself slowly and to spread abroad its widening tale. A cold, lucid indifference reigned in his soul. The chaos in which his ardour extinguished itself was a cold, indifferent knowledge of himself.",HE HOPED THERE WOULD BE STEW FOR DINNER TURNIPS AND CARROTS AND BRUISED POTATOES AND FAT MUTTON PIECES TO BE LADLED OUT IN THICK PEPPERED FLOUR FATTENED SAUCE STUFF IT INTO YOU HIS BELLY COUNSELLED HIM AFTER EARLY NIGHTFALL THE YELLOW LAMPS WOULD LIGHT UP HERE AND THERE THE SQUALID QUARTER OF THE BROTHELS HELLO BERTIE ANY GOOD IN YOUR MIND NUMBER TEN FRESH NELLY IS WAITING ON YOU GOOD NIGHT HUSBAND THE MUSIC CAME NEARER AND HE RECALLED THE WORDS THE WORDS OF SHELLEY'S FRAGMENT UPON THE MOON WANDERING COMPANIONLESS PALE FOR WEARINESS THE DULL LIGHT FELL MORE FAINTLY UPON THE PAGE WHEREON ANOTHER EQUATION BEGAN TO UNFOLD ITSELF SLOWLY AND TO SPREAD ABROAD ITS WIDENING TAIL A COLD LUCID INDIFFERENCE REIGNED IN HIS SOUL THE CHAOS IN WHICH HIS ARDOUR EXTINGUISHED ITSELF WAS A COLD INDIFFERENT KNOWLEDGE OF HIMSELF,1053.7,0.0,112.1,56.3,0,0.0
rir_rt60_0.5,rir,,0.5,vad,small,0.0,0.0,0,0,0,0.2023,1.055,"Number 10, Fresh Nelly is waiting on you. Good night, husband.",NUMBER TEN FRESH NELLY IS WAITING ON YOU GOOD NIGHT HUSBAND,1061.2,0.0,110.5,59.6,0,0.0
rir_rt60_0.5,rir,,0.5,vad,medium,0.0213,0.0072,1,0,0,0.1176,2.375,"The music came nearer and he recalled the words, the words of Shelley's fragment upon the moon wandering companionless pale for weariness. The dull light fell more faintly upon the page, whereon another equation began to unfold itself slowly and to spread abroad its widening tale.",THE MUSIC CAME NEARER AND HE RECALLED THE WORDS THE WORDS OF SHELLEY'S FRAGMENT UPON THE MOON WANDERING COMPANIONLESS PALE FOR WEARINESS THE DULL LIGHT FELL MORE FAINTLY UPON THE PAGE WHEREON ANOTHER EQUATION BEGAN TO UNFOLD ITSELF SLOWLY AND TO SPREAD ABROAD ITS WIDENING TAIL,1055.6,0.0,101.4,54.8,0,0.0
rir_rt60_0.5,rir,,0.5,vad,large,0.0141,0.0037,2,0,0,0.1179,7.007,"He hoped there would be stew for dinner, turnips and carrots and bruised potatoes and fat mutton pieces to be ladled out in thick, peppered, flour-fattened sauce. Stuff it into you, his belly counseled him. After early nightfall, the yellow lamps would light up here and there, the squalid quarter of the brothels. Hello Bertie, any good in your mind? Number 10. Fresh Nelly is waiting on you. Good night, husband. The music came nearer and he recalled the words, the words of Shelly's fragment upon the moon, wandering companionless pale for weariness. The dull light fell more faintly upon the page, whereon another equation began to unfold itself slowly and to spread abroad its widening tale. A cold, lucid indifference reigned in his soul. The chaos in which his ardor extinguished itself was a cold, indifferent knowledge of himself.",HE HOPED THERE WOULD BE STEW FOR DINNER TURNIPS AND CARROTS AND BRUISED POTATOES AND FAT MUTTON PIECES TO BE LADLED OUT IN THICK PEPPERED FLOUR FATTENED SAUCE STUFF IT INTO YOU HIS BELLY COUNSELLED HIM AFTER EARLY NIGHTFALL THE YELLOW LAMPS WOULD LIGHT UP HERE AND THERE THE SQUALID QUARTER OF THE BROTHELS HELLO BERTIE ANY GOOD IN YOUR MIND NUMBER TEN FRESH NELLY IS WAITING ON YOU GOOD NIGHT HUSBAND THE MUSIC CAME NEARER AND HE RECALLED THE WORDS THE WORDS OF SHELLEY'S FRAGMENT UPON THE MOON WANDERING COMPANIONLESS PALE FOR WEARINESS THE DULL LIGHT FELL MORE FAINTLY UPON THE PAGE WHEREON ANOTHER EQUATION BEGAN TO UNFOLD ITSELF SLOWLY AND TO SPREAD ABROAD ITS WIDENING TAIL A COLD LUCID INDIFFERENCE REIGNED IN HIS SOUL THE CHAOS IN WHICH HIS ARDOUR EXTINGUISHED ITSELF WAS A COLD INDIFFERENT KNOWLEDGE OF HIMSELF,1053.4,0.0,106.4,52.6,0,0.0
rir_rt60_0.5,rir,,0.5,spectral,small,0.7273,0.5172,6,0,2,0.3277,1.709,Now pretend the fresh melody is waiting on you for an actual sleep.,NUMBER TEN FRESH NELLY IS WAITING ON YOU GOOD NIGHT HUSBAND,1081.2,0.0,105.9,52.5,0,0.0
rir_rt60_0.5,rir,,0.5,spectral,medium,0.4043,0.2122,10,1,8,0.1243,2.51,"The music came nearer and he recalled the words, words of Shelley's fright that upon the evening ploddering and the endless of the table were rearing as the dull light fell more faintly upon the page whereon another equation began to unfold itself slowly and to spread abroad his wife and the tale.",THE MUSIC CAME NEARER AND HE RECALLED THE WORDS THE WORDS OF SHELLEY'S FRAGMENT UPON THE MOON WANDERING COMPANIONLESS PALE FOR WEARINESS THE DULL LIGHT FELL MORE FAINTLY UPON THE PAGE WHEREON ANOTHER EQUATION BEGAN TO UNFOLD ITSELF SLOWLY AND TO SPREAD ABROAD ITS WIDENING TAIL,1135.1,0.0,106.2,54.0,0,0.0
rir_rt60_0.5,rir,,0.5,spectral,large,0.493,0.2901,50,9,11,0.1247,7.41,"He hoped he would be soon returned, turnips, carrots, and bruise, potatoes, and fat and butter pieces to be laid out in thick, peppery, flowered fat and sauce, stuffed into his belly and out again. After early nightfall, the ill-lamped would light up near the fair, and swallow the poor nerve and bronze. Hello, Bertie, are you good in your mind? Now, Bertie, fresh and nelly is waiting on you. Good night, husband. The music came nearer and he would call the words, words of Shelley's frightened, monotone, monotone, and endless pale and bruise. The dull light felt more faintly upon the page, whereon another invasion began to unfold itself slowly and to spread abroad, and his wife continued to co-occurl the music in different strength and soul. The chaos, which is art, extinguishes itself as a formal, different thought itself.",HE HOPED THERE WOULD BE STEW FOR DINNER TURNIPS AND CARROTS AND BRUISED POTATOES AND FAT MUTTON PIECES TO BE LADLED OUT IN THICK PEPPERED FLOUR FATTENED SAUCE STUFF IT INTO YOU HIS BELLY COUNSELLED HIM AFTER EARLY NIGHTFALL THE YELLOW LAMPS WOULD LIGHT UP HERE AND THERE THE SQUALID QUARTER OF THE BROTHELS HELLO BERTIE ANY GOOD IN YOUR MIND NUMBER TEN FRESH NELLY IS WAITING ON YOU GOOD NIGHT HUSBAND THE MUSIC CAME NEARER AND HE RECALLED THE WORDS THE WORDS OF SHELLEY'S FRAGMENT UPON THE MOON WANDERING COMPANIONLESS PALE FOR WEARINESS THE DULL LIGHT FELL MORE FAINTLY UPON THE PAGE WHEREON ANOTHER EQUATION BEGAN TO UNFOLD ITSELF SLOWLY AND TO SPREAD ABROAD ITS WIDENING TAIL A COLD LUCID INDIFFERENCE REIGNED IN HIS SOUL THE CHAOS IN WHICH HIS ARDOUR EXTINGUISHED ITSELF WAS A COLD INDIFFERENT KNOWLEDGE OF HIMSELF,1206.1,0.0,99.2,51.4,0,0.0
rir_rt60_0.5,rir,,0.5,rms,small,0.0,0.0,0,0,0,0.2022,1.055,"Number 10, fresh Nelly is waiting on you. Good night, husband.",NUMBER TEN FRESH NELLY IS WAITING ON YOU GOOD NIGHT HUSBAND,1110.7,0.0,110.5,61.8,0,0.0
rir_rt60_0.5,rir,,0.5,rms,medium,0.0213,0.0072,1,0,0,0.1108,2.236,"The music came nearer and he recalled the words, the words of Shelley's fragment upon the moon wandering companionless pale for weariness. The dull light fell more faintly upon the page, whereon another equation began to unfold itself slowly and to spread abroad its widening tale.",THE MUSIC CAME NEARER AND HE RECALLED THE WORDS THE WORDS OF SHELLEY'S FRAGMENT UPON THE MOON WANDERING COMPANIONLESS PALE FOR WEARINESS THE DULL LIGHT FELL MORE FAINTLY UPON THE PAGE WHEREON ANOTHER EQUATION BEGAN TO UNFOLD ITSELF SLOWLY AND TO SPREAD ABROAD ITS WIDENING TAIL,1076.2,0.0,98.4,53.2,0,0.0
rir_rt60_0.5,rir,,0.5,rms,large,0.0141,0.0037,2,0,0,0.1221,7.257,"He hoped there would be stew for dinner, turnips and carrots and bruised potatoes and fat mutton pieces to be ladled out in thick, peppered, flour-fattened sauce. Stuff it into you, his belly counseled him. After early nightfall the yellow lamps would light up here and there the squalid quarter of the brothels. Hello, Bertie, any good in your mind? Number ten! Fresh Nelly is waiting on you. Good night, husband. The music came nearer and he recalled the words, the words of Shelly's fragment upon the moon wandering companionless, pale for weariness. The dull light fell more faintly upon the page, whereon another equation began to unfold itself slowly and to spread abroad its widening tale. A cold, lucid indifference reigned in his soul. The chaos in which his ardour extinguished itself was a cold, indifferent knowledge of himself.",HE HOPED THERE WOULD BE STEW FOR DINNER TURNIPS AND CARROTS AND BRUISED POTATOES AND FAT MUTTON PIECES TO BE LADLED OUT IN THICK PEPPERED FLOUR FATTENED SAUCE STUFF IT INTO YOU HIS BELLY COUNSELLED HIM AFTER EARLY NIGHTFALL THE YELLOW LAMPS WOULD LIGHT UP HERE AND THERE THE SQUALID QUARTER OF THE BROTHELS HELLO BERTIE ANY GOOD IN YOUR MIND NUMBER TEN FRESH NELLY IS WAITING ON YOU GOOD NIGHT HUSBAND THE MUSIC CAME NEARER AND HE RECALLED THE WORDS THE WORDS OF SHELLEY'S FRAGMENT UPON THE MOON WANDERING COMPANIONLESS PALE FOR WEARINESS THE DULL LIGHT FELL MORE FAINTLY UPON THE PAGE WHEREON ANOTHER EQUATION BEGAN TO UNFOLD ITSELF SLOWLY AND TO SPREAD ABROAD ITS WIDENING TAIL A COLD LUCID INDIFFERENCE REIGNED IN HIS SOUL THE CHAOS IN WHICH HIS ARDOUR EXTINGUISHED ITSELF WAS A COLD INDIFFERENT KNOWLEDGE OF HIMSELF,1121.6,0.0,115.5,52.2,0,0.0
rir_rt60_1.0,rir,,1.0,baseline,small,0.5455,0.3448,5,0,1,0.1789,0.933,"Now for death, fresh and elvious wait on you, good night, husband.",NUMBER TEN FRESH NELLY IS WAITING ON YOU GOOD NIGHT HUSBAND,1339.0,0.0,99.8,57.2,0,0.0
rir_rt60_1.0,rir,,1.0,baseline,medium,0.0213,0.0072,1,0,0,0.1214,2.45,"The music came nearer and he recalled the words, the words of Shelley's fragment upon the moon, wandering, companionless, pale, for weariness. The dull light fell more faintly upon the page, whereon another equation began to unfold itself slowly and to spread abroad its widening tale.",THE MUSIC CAME NEARER AND HE RECALLED THE WORDS THE WORDS OF SHELLEY'S FRAGMENT UPON THE MOON WANDERING COMPANIONLESS PALE FOR WEARINESS THE DULL LIGHT FELL MORE FAINTLY UPON THE PAGE WHEREON ANOTHER EQUATION BEGAN TO UNFOLD ITSELF SLOWLY AND TO SPREAD ABROAD ITS WIDENING TAIL,1370.5,0.0,102.3,53.8,0,0.0
rir_rt60_1.0,rir,,1.0,baseline,large,0.1127,0.0539,13,0,3,0.1224,7.273,"He hoped there would be stew for dinner, turnips and carrots and bruised potatoes and fat and button pieces to be laid out in thick, peppered, flour-fattened sauce. Stuff it into you, his belly counseled in. After early nightfall, the yellow lamps would light up here and there, the squalid corner of the brothels. Hello Bertie, are you good in your mind? Now Bertette, fresh and elious wait upon you. Good night, husband. The music came nearer and he recalled the words, the words of Shelley's fragment upon the moon, wandering, companionless, pale, for weariness. The dull light fell more faintly upon the page, whereon another equation began to unfold itself slowly and to spread abroad its wide-leaning tale. A cold, lucid indifference reigned in his soul. The chaos in which his ardor extinguished itself was a cold, indifferent knowledge of himself.",HE HOPED THERE WOULD BE STEW FOR DINNER TURNIPS AND CARROTS AND BRUISED POTATOES AND FAT MUTTON PIECES TO BE LADLED OUT IN THICK PEPPERED FLOUR FATTENED SAUCE STUFF IT INTO YOU HIS BELLY COUNSELLED HIM AFTER EARLY NIGHTFALL THE YELLOW LAMPS WOULD LIGHT UP HERE AND THERE THE SQUALID QUARTER OF THE BROTHELS HELLO BERTIE ANY GOOD IN YOUR MIND NUMBER TEN FRESH NELLY IS WAITING ON YOU GOOD NIGHT HUSBAND THE MUSIC CAME NEARER AND HE RECALLED THE WORDS THE WORDS OF SHELLEY'S FRAGMENT UPON THE MOON WANDERING COMPANIONLESS PALE FOR WEARINESS THE DULL LIGHT FELL MORE FAINTLY UPON THE PAGE WHEREON ANOTHER EQUATION BEGAN TO UNFOLD ITSELF SLOWLY AND TO SPREAD ABROAD ITS WIDENING TAIL A COLD LUCID INDIFFERENCE REIGNED IN HIS SOUL THE CHAOS IN WHICH HIS ARDOUR EXTINGUISHED ITSELF WAS A COLD INDIFFERENT KNOWLEDGE OF HIMSELF,1351.5,0.0,104.9,56.8,0,0.0
rir_rt60_1.0,rir,,1.0,vad,small,0.9091,0.5517,9,0,1,0.2041,1.065,"Now for dare, fresh and elvious, wait for my new conat husband.",NUMBER TEN FRESH NELLY IS WAITING ON YOU GOOD NIGHT HUSBAND,1210.7,0.0,112.7,60.4,0,0.0
rir_rt60_1.0,rir,,1.0,vad,medium,0.0638,0.0252,3,0,0,0.1135,2.291,"The music came nearer as he recalled the words, the words of Shelley's fragment upon the moon, wandering, companionless, pale, for weariness. The dull light fell more faintly upon the page, whereon another equation began to unfold itself slowly, and to spread abroad its wide detail.",THE MUSIC CAME NEARER AND HE RECALLED THE WORDS THE WORDS OF SHELLEY'S FRAGMENT UPON THE MOON WANDERING COMPANIONLESS PALE FOR WEARINESS THE DULL LIGHT FELL MORE FAINTLY UPON THE PAGE WHEREON ANOTHER EQUATION BEGAN TO UNFOLD ITSELF SLOWLY AND TO SPREAD ABROAD ITS WIDENING TAIL,1211.8,0.0,113.2,54.5,0,0.0
rir_rt60_1.0,rir,,1.0,vad,large,0.1197,0.0636,11,2,4,0.1133,6.734,"He hoped there would be stew for dinner, turnips and carrots and bruised potatoes and fat and mutton pieces to be labeled out in thick peppered flour fat sauce. Suffered into you, his belly counseled in. After early nightfall, the yellow lamps would light up here and there, the squalid corner of the brothels. Hello Bertie, good in your mind? Now Bertie, fresh and nelly is waiting upon you. Good night, husband. The music came nearer and he recalled the words, the words of Shelley's fragment upon the new wandering, hand-in-less pail for weariness. The dull light fell more faintly upon the page, whereon another equation began to unfold itself slowly and to spread abroad its widening tail. A cold, lucid indifference reigned in his soul. The chaos in which his ardor extinguished itself was a cold, indifferent knowledge of himself.",HE HOPED THERE WOULD BE STEW FOR DINNER TURNIPS AND CARROTS AND BRUISED POTATOES AND FAT MUTTON PIECES TO BE LADLED OUT IN THICK PEPPERED FLOUR FATTENED SAUCE STUFF IT INTO YOU HIS BELLY COUNSELLED HIM AFTER EARLY NIGHTFALL THE YELLOW LAMPS WOULD LIGHT UP HERE AND THERE THE SQUALID QUARTER OF THE BROTHELS HELLO BERTIE ANY GOOD IN YOUR MIND NUMBER TEN FRESH NELLY IS WAITING ON YOU GOOD NIGHT HUSBAND THE MUSIC CAME NEARER AND HE RECALLED THE WORDS THE WORDS OF SHELLEY'S FRAGMENT UPON THE MOON WANDERING COMPANIONLESS PALE FOR WEARINESS THE DULL LIGHT FELL MORE FAINTLY UPON THE PAGE WHEREON ANOTHER EQUATION BEGAN TO UNFOLD ITSELF SLOWLY AND TO SPREAD ABROAD ITS WIDENING TAIL A COLD LUCID INDIFFERENCE REIGNED IN HIS SOUL THE CHAOS IN WHICH HIS ARDOUR EXTINGUISHED ITSELF WAS A COLD INDIFFERENT KNOWLEDGE OF HIMSELF,1247.7,0.0,109.4,52.2,0,0.0
rir_rt60_1.0,rir,,1.0,spectral,small,1.3636,0.8621,10,0,5,0.9773,5.097,That's All Well And We Will Say How Beautiful You And How Nice You Are,NUMBER TEN FRESH NELLY IS WAITING ON YOU GOOD NIGHT HUSBAND,1241.8,0.0,105.0,50.2,0,0.0
rir_rt60_1.0,rir,,1.0,spectral,medium,0.7021,0.4496,25,6,2,0.1468,2.964,"And using the mirror at you from all the words, words of shelly, frightened, unawares, unawares, and unimaginable, and evil, and bleakness, the dull light and felt, unthinking, uncaped, whereon another equation began to unfold itself, slowly spread wrong, and swine to him.",THE MUSIC CAME NEARER AND HE RECALLED THE WORDS THE WORDS OF SHELLEY'S FRAGMENT UPON THE MOON WANDERING COMPANIONLESS PALE FOR WEARINESS THE DULL LIGHT FELL MORE FAINTLY UPON THE PAGE WHEREON ANOTHER EQUATION BEGAN TO UNFOLD ITSELF SLOWLY AND TO SPREAD ABROAD ITS WIDENING TAIL,1032.9,0.0,105.0,54.1,0,0.0
rir_rt60_1.0,rir,,1.0,spectral,large,0.838,0.5165,91,7,21,0.1279,7.6,"He would be seen in the turnips, carrots, and foods, and potatoes, and fat and butter, and spices, and he lay in power, and thick and memory, and power, and fat and sauce, and stuff it into his belly and nose, and early nightfall, he'll land with life out of his there, and his swan, and gold, and bronze. Hello, Bertie. Good for life? Now, Bertie, fresh and healthy, as great fun you can ask him. When using the mirror, I keep all the words, words of Shelley's fight, and the modern and the mannishest, the table, and the weakness. The dull light felt more pain if you wanted to pay, and there were all enough information to handle one's own self, so we spread it wrong, and swine on it. Cold, lucid, dip, strength, and soul. The chaos, which is hard to consume, which itself will move with the thought of itself.",HE HOPED THERE WOULD BE STEW FOR DINNER TURNIPS AND CARROTS AND BRUISED POTATOES AND FAT MUTTON PIECES TO BE LADLED OUT IN THICK PEPPERED FLOUR FATTENED SAUCE STUFF IT INTO YOU HIS BELLY COUNSELLED HIM AFTER EARLY NIGHTFALL THE YELLOW LAMPS WOULD LIGHT UP HERE AND THERE THE SQUALID QUARTER OF THE BROTHELS HELLO BERTIE ANY GOOD IN YOUR MIND NUMBER TEN FRESH NELLY IS WAITING ON YOU GOOD NIGHT HUSBAND THE MUSIC CAME NEARER AND HE RECALLED THE WORDS THE WORDS OF SHELLEY'S FRAGMENT UPON THE MOON WANDERING COMPANIONLESS PALE FOR WEARINESS THE DULL LIGHT FELL MORE FAINTLY UPON THE PAGE WHEREON ANOTHER EQUATION BEGAN TO UNFOLD ITSELF SLOWLY AND TO SPREAD ABROAD ITS WIDENING TAIL A COLD LUCID INDIFFERENCE REIGNED IN HIS SOUL THE CHAOS IN WHICH HIS ARDOUR EXTINGUISHED ITSELF WAS A COLD INDIFFERENT KNOWLEDGE OF HIMSELF,1056.6,0.0,108.4,57.8,0,0.0
rir_rt60_1.0,rir,,1.0,rms,small,0.5455,0.3448,5,0,1,0.1951,1.017,"Now for death, fresh and elvious wait on you, good night, husband.",NUMBER TEN FRESH NELLY IS WAITING ON YOU GOOD NIGHT HUSBAND,1058.8,0.0,109.6,61.1,0,0.0
rir_rt60_1.0,rir,,1.0,rms,medium,0.0213,0.0072,1,0,0,0.1166,2.355,"The music came nearer and he recalled the words, the words of Shelley's fragment upon the moon, wandering, companionless, pale, for weariness. The dull light fell more faintly upon the page, whereon another equation began to unfold itself slowly and to spread abroad its widening tale.",THE MUSIC CAME NEARER AND HE RECALLED THE WORDS THE WORDS OF SHELLEY'S FRAGMENT UPON THE MOON WANDERING COMPANIONLESS PALE FOR WEARINESS THE DULL LIGHT FELL MORE FAINTLY UPON THE PAGE WHEREON ANOTHER EQUATION BEGAN TO UNFOLD ITSELF SLOWLY AND TO SPREAD ABROAD ITS WIDENING TAIL,1070.5,0.0,110.7,54.1,0,0.0
rir_rt60_1.0,rir,,1.0,rms,large,0.1127,0.0539,13,0,3,0.1211,7.195,"He hoped there would be stew for dinner, turnips and carrots and bruised potatoes and fat and button pieces to be laid out in thick, peppered, flour-fattened sauce. Stuff it into you, his belly counseled in. After early nightfall, the yellow lamps would light up here and there, the squalid corner of the brothels. Hello Bertie, are you good in your mind? Now Bertette, fresh and elious wait upon you. Good night, husband. The music came nearer and he recalled the words, the words of Shelley's fragment upon the moon, wandering, companionless, pale, for weariness. The dull light fell more faintly upon the page, whereon another equation began to unfold itself slowly and to spread abroad its wide-leaning tale. A cold, lucid indifference reigned in his soul. The chaos in which his ardor extinguished itself was a cold, indifferent knowledge of himself.",HE HOPED THERE WOULD BE STEW FOR DINNER TURNIPS AND CARROTS AND BRUISED POTATOES AND FAT MUTTON PIECES TO BE LADLED OUT IN THICK PEPPERED FLOUR FATTENED SAUCE STUFF IT INTO YOU HIS BELLY COUNSELLED HIM AFTER EARLY NIGHTFALL THE YELLOW LAMPS WOULD LIGHT UP HERE AND THERE THE SQUALID QUARTER OF THE BROTHELS HELLO BERTIE ANY GOOD IN YOUR MIND NUMBER TEN FRESH NELLY IS WAITING ON YOU GOOD NIGHT HUSBAND THE MUSIC CAME NEARER AND HE RECALLED THE WORDS THE WORDS OF SHELLEY'S FRAGMENT UPON THE MOON WANDERING COMPANIONLESS PALE FOR WEARINESS THE DULL LIGHT FELL MORE FAINTLY UPON THE PAGE WHEREON ANOTHER EQUATION BEGAN TO UNFOLD ITSELF SLOWLY AND TO SPREAD ABROAD ITS WIDENING TAIL A COLD LUCID INDIFFERENCE REIGNED IN HIS SOUL THE CHAOS IN WHICH HIS ARDOUR EXTINGUISHED ITSELF WAS A COLD INDIFFERENT KNOWLEDGE OF HIMSELF,1082.8,0.0,109.4,51.6,0,0.0
rir_rt60_2.0,rir,,2.0,baseline,small,0.9091,0.6897,6,4,0,0.8828,4.604,Number De fierci DRV programmer neo-Kedwan,NUMBER TEN FRESH NELLY IS WAITING ON YOU GOOD NIGHT HUSBAND,1916.4,0.0,109.7,61.4,0,0.0
rir_rt60_2.0,rir,,2.0,baseline,medium,0.617,0.3669,23,1,5,0.1084,2.188,"The music made me regret even calling the words, the words of Shelley's practice on moon and water, and the panelists pale for weird reasons. The dull body felt a faint feeling on the page where all another equation began flowing forth itself slowly and spread all its white container.",THE MUSIC CAME NEARER AND HE RECALLED THE WORDS THE WORDS OF SHELLEY'S FRAGMENT UPON THE MOON WANDERING COMPANIONLESS PALE FOR WEARINESS THE DULL LIGHT FELL MORE FAINTLY UPON THE PAGE WHEREON ANOTHER EQUATION BEGAN TO UNFOLD ITSELF SLOWLY AND TO SPREAD ABROAD ITS WIDENING TAIL,1945.4,0.0,110.3,54.9,0,0.0
rir_rt60_2.0,rir,,2.0,baseline,large,0.7324,0.4394,82,8,14,0.1264,7.514,"He ultimately released the original, turned him into a carrot-scented bruised potato, and in fact, a lot of pieces to be laid out on the thick, ever-floured fat sauce. Stubbity, his belly comes again. After the early nightfall, the apple-landed white-hot beer bear swallows the corner of the raw forest. Hello, Bertie. Good morning. Now, Bertie, fresh and healthy, I've made from you. Can't ask him. The music made me regret even the call to words. The words of Shelley's practice on whom the water had been penniless, pale for fear of risk. The dull body felt a thinking on the page where our own under-equation began to point full itself slowly and to spread raw its white container. A cold, lucidly diffused rain for itself. The chaos which had harder to change itself was coldly different from knowledge itself.",HE HOPED THERE WOULD BE STEW FOR DINNER TURNIPS AND CARROTS AND BRUISED POTATOES AND FAT MUTTON PIECES TO BE LADLED OUT IN THICK PEPPERED FLOUR FATTENED SAUCE STUFF IT INTO YOU HIS BELLY COUNSELLED HIM AFTER EARLY NIGHTFALL THE YELLOW LAMPS WOULD LIGHT UP HERE AND THERE THE SQUALID QUARTER OF THE BROTHELS HELLO BERTIE ANY GOOD IN YOUR MIND NUMBER TEN FRESH NELLY IS WAITING ON YOU GOOD NIGHT HUSBAND THE MUSIC CAME NEARER AND HE RECALLED THE WORDS THE WORDS OF SHELLEY'S FRAGMENT UPON THE MOON WANDERING COMPANIONLESS PALE FOR WEARINESS THE DULL LIGHT FELL MORE FAINTLY UPON THE PAGE WHEREON ANOTHER EQUATION BEGAN TO UNFOLD ITSELF SLOWLY AND TO SPREAD ABROAD ITS WIDENING TAIL A COLD LUCID INDIFFERENCE REIGNED IN HIS SOUL THE CHAOS IN WHICH HIS ARDOUR EXTINGUISHED ITSELF WAS A COLD INDIFFERENT KNOWLEDGE OF HIMSELF,2030.4,0.0,104.6,58.8,0,0.0
rir_rt60_2.0,rir,,2.0,vad,small,0.9091,0.8276,4,6,0,0.8704,4.539,Now you're near fresh,NUMBER TEN FRESH NELLY IS WAITING ON YOU GOOD NIGHT HUSBAND,1923.3,0.0,105.1,50.2,0,0.0
rir_rt60_2.0,rir,,2.0,vad,medium,0.6383,0.5252,15,14,1,0.0917,1.851,The music came nearer and you would call the words. The words of Shelley's practice on the table. The dull light fell while thinking there are none. And both of them spread along.,THE MUSIC CAME NEARER AND HE RECALLED THE WORDS THE WORDS OF SHELLEY'S FRAGMENT UPON THE MOON WANDERING COMPANIONLESS PALE FOR WEARINESS THE DULL LIGHT FELL MORE FAINTLY UPON THE PAGE WHEREON ANOTHER EQUATION BEGAN TO UNFOLD ITSELF SLOWLY AND TO SPREAD ABROAD ITS WIDENING TAIL,1824.9,0.0,105.8,52.8,0,0.0
rir_rt60_2.0,rir,,2.0,vad,large,0.9789,0.9094,12,127,0,0.3769,22.398,years of dating sailing out of color for long diff eyes on different Ignon jakie,HE HOPED THERE WOULD BE STEW FOR DINNER TURNIPS AND CARROTS AND BRUISED POTATOES AND FAT MUTTON PIECES TO BE LADLED OUT IN THICK PEPPERED FLOUR FATTENED SAUCE STUFF IT INTO YOU HIS BELLY COUNSELLED HIM AFTER EARLY NIGHTFALL THE YELLOW LAMPS WOULD LIGHT UP HERE AND THERE THE SQUALID QUARTER OF THE BROTHELS HELLO BERTIE ANY GOOD IN YOUR MIND NUMBER TEN FRESH NELLY IS WAITING ON YOU GOOD NIGHT HUSBAND THE MUSIC CAME NEARER AND HE RECALLED THE WORDS THE WORDS OF SHELLEY'S FRAGMENT UPON THE MOON WANDERING COMPANIONLESS PALE FOR WEARINESS THE DULL LIGHT FELL MORE FAINTLY UPON THE PAGE WHEREON ANOTHER EQUATION BEGAN TO UNFOLD ITSELF SLOWLY AND TO SPREAD ABROAD ITS WIDENING TAIL A COLD LUCID INDIFFERENCE REIGNED IN HIS SOUL THE CHAOS IN WHICH HIS ARDOUR EXTINGUISHED ITSELF WAS A COLD INDIFFERENT KNOWLEDGE OF HIMSELF,1901.3,0.0,100.2,51.2,0,0.0
rir_rt60_2.0,rir,,2.0,spectral,small,1.0,0.7759,4,7,0,1.4229,7.421,Aftertaste information under fearurell,NUMBER TEN FRESH NELLY IS WAITING ON YOU GOOD NIGHT HUSBAND,1940.3,0.0,104.4,51.0,0,0.0
rir_rt60_2.0,rir,,2.0,spectral,medium,0.9787,0.9532,2,44,0,0.5448,10.999,are using the,THE MUSIC CAME NEARER AND HE RECALLED THE WORDS THE WORDS OF SHELLEY'S FRAGMENT UPON THE MOON WANDERING COMPANIONLESS PALE FOR WEARINESS THE DULL LIGHT FELL MORE FAINTLY UPON THE PAGE WHEREON ANOTHER EQUATION BEGAN TO UNFOLD ITSELF SLOWLY AND TO SPREAD ABROAD ITS WIDENING TAIL,2000.2,0.0,104.2,52.7,0,0.0
rir_rt60_2.0,rir,,2.0,spectral,large,0.9225,0.6989,84,47,0,0.2073,12.317,"We both would be seated in the room of this church, with the data to the entire function, to the entire function, the entire function, the entire function, the entire function, the entire function, the entire function, and the whole function. And we really might have all of these to have just a life out of it, maybe there, in the small room, in the small room, in the small room. Oh, very good. Good. Good night. Have a great day. Freshly, I'll be great from you. Good night. Good night. Aw, so cool.",HE HOPED THERE WOULD BE STEW FOR DINNER TURNIPS AND CARROTS AND BRUISED POTATOES AND FAT MUTTON PIECES TO BE LADLED OUT IN THICK PEPPERED FLOUR FATTENED SAUCE STUFF IT INTO YOU HIS BELLY COUNSELLED HIM AFTER EARLY NIGHTFALL THE YELLOW LAMPS WOULD LIGHT UP HERE AND THERE THE SQUALID QUARTER OF THE BROTHELS HELLO BERTIE ANY GOOD IN YOUR MIND NUMBER TEN FRESH NELLY IS WAITING ON YOU GOOD NIGHT HUSBAND THE MUSIC CAME NEARER AND HE RECALLED THE WORDS THE WORDS OF SHELLEY'S FRAGMENT UPON THE MOON WANDERING COMPANIONLESS PALE FOR WEARINESS THE DULL LIGHT FELL MORE FAINTLY UPON THE PAGE WHEREON ANOTHER EQUATION BEGAN TO UNFOLD ITSELF SLOWLY AND TO SPREAD ABROAD ITS WIDENING TAIL A COLD LUCID INDIFFERENCE REIGNED IN HIS SOUL THE CHAOS IN WHICH HIS ARDOUR EXTINGUISHED ITSELF WAS A COLD INDIFFERENT KNOWLEDGE OF HIMSELF,1889.3,0.0,103.6,53.6,0,0.0
rir_rt60_2.0,rir,,2.0,rms,small,0.5455,0.4828,6,0,0,0.1845,0.962,"Number 10, Fresh W.A. from U.K. Good night, gentlemen.",NUMBER TEN FRESH NELLY IS WAITING ON YOU GOOD NIGHT HUSBAND,1900.0,0.0,111.9,58.6,0,0.0
rir_rt60_2.0,rir,,2.0,rms,medium,0.617,0.3561,24,0,5,0.1108,2.237,"The music made me regret even calling the words, the words of Shelley's practice on moon and water, and the panelists' payable curiosity. The dull body felt a faint feeling on the page where on another equation began to fully focus itself slowly and to spread it all its wide contain.",THE MUSIC CAME NEARER AND HE RECALLED THE WORDS THE WORDS OF SHELLEY'S FRAGMENT UPON THE MOON WANDERING COMPANIONLESS PALE FOR WEARINESS THE DULL LIGHT FELL MORE FAINTLY UPON THE PAGE WHEREON ANOTHER EQUATION BEGAN TO UNFOLD ITSELF SLOWLY AND TO SPREAD ABROAD ITS WIDENING TAIL,1901.0,0.0,108.7,58.4,0,0.0
rir_rt60_2.0,rir,,2.0,rms,large,0.7324,0.4149,86,5,13,0.1332,7.917,"He ultimately released the original, turned him into a carrot-scented, bruised potato-tip, and fattin'-fuckin' pieces of relayed, lousy, thick, ever-flout-flat sauce. Stubbity, his belly-combo-man. After the early nightfall, the apple-latch was light-up near the bay, or the squall of the corner of the raw forest. Hello, Bertie. Good-bye. Now, Bertie, fresh-n-l-e-f-a-t from you. Canach-a-scent. The music made me regret even the call to words. The words of Shelley's practice, on whom the water had been penniless, pale for fear of risk. The dull body felt a thinking on the page where our own other equation began to play full itself slowly, and to spread raw its white container. A cold, lucidly differece, it ran with itself. The chaos, which had harder to change itself, was coldly differece in knowledge of itself.",HE HOPED THERE WOULD BE STEW FOR DINNER TURNIPS AND CARROTS AND BRUISED POTATOES AND FAT MUTTON PIECES TO BE LADLED OUT IN THICK PEPPERED FLOUR FATTENED SAUCE STUFF IT INTO YOU HIS BELLY COUNSELLED HIM AFTER EARLY NIGHTFALL THE YELLOW LAMPS WOULD LIGHT UP HERE AND THERE THE SQUALID QUARTER OF THE BROTHELS HELLO BERTIE ANY GOOD IN YOUR MIND NUMBER TEN FRESH NELLY IS WAITING ON YOU GOOD NIGHT HUSBAND THE MUSIC CAME NEARER AND HE RECALLED THE WORDS THE WORDS OF SHELLEY'S FRAGMENT UPON THE MOON WANDERING COMPANIONLESS PALE FOR WEARINESS THE DULL LIGHT FELL MORE FAINTLY UPON THE PAGE WHEREON ANOTHER EQUATION BEGAN TO UNFOLD ITSELF SLOWLY AND TO SPREAD ABROAD ITS WIDENING TAIL A COLD LUCID INDIFFERENCE REIGNED IN HIS SOUL THE CHAOS IN WHICH HIS ARDOUR EXTINGUISHED ITSELF WAS A COLD INDIFFERENT KNOWLEDGE OF HIMSELF,1890.9,0.0,106.0,54.4,0,0.0
